t,meanR,meanG,meanB,brightness,litFrac,motion
0.00,0.00,0.00,0.00,0.00,0.0000,0.00
0.12,0.03,0.20,0.49,0.19,0.0026,0.18
0.25,0.03,0.21,0.51,0.19,0.0027,0.01
0.38,0.03,0.21,0.52,0.19,0.0027,0.00
0.50,0.03,0.21,0.52,0.19,0.0027,0.00
0.62,0.03,0.22,0.53,0.20,0.0027,0.01
0.75,0.03,0.21,0.52,0.19,0.0027,0.01
0.88,0.03,0.21,0.51,0.19,0.0026,0.01
1.00,0.03,0.21,0.51,0.19,0.0026,0.01
1.12,0.03,0.21,0.51,0.19,0.0026,0.01
1.25,0.03,0.21,0.52,0.20,0.0027,0.01
1.38,0.03,0.21,0.52,0.19,0.0027,0.01
1.50,0.03,0.21,0.51,0.20,0.0027,0.01
1.62,0.03,0.21,0.51,0.19,0.0027,0.01
1.75,0.03,0.21,0.51,0.19,0.0027,0.01
1.88,0.03,0.21,0.51,0.20,0.0027,0.01
2.00,0.03,0.21,0.50,0.19,0.0026,0.01
2.12,0.03,0.21,0.51,0.19,0.0026,0.01
2.25,0.03,0.21,0.51,0.19,0.0027,0.01
2.38,0.03,0.21,0.50,0.19,0.0027,0.00
2.50,0.03,0.21,0.51,0.19,0.0027,0.00
2.62,0.03,0.21,0.52,0.20,0.0027,0.01
2.75,0.03,0.22,0.53,0.20,0.0027,0.01
2.88,0.03,0.22,0.53,0.20,0.0027,0.01
3.00,0.03,0.22,0.54,0.20,0.0027,0.01
3.12,0.03,0.21,0.53,0.20,0.0027,0.01
3.25,0.03,0.21,0.53,0.20,0.0027,0.00
3.38,0.03,0.21,0.53,0.20,0.0027,0.00
3.50,0.03,0.21,0.52,0.20,0.0027,0.00
3.62,0.03,0.21,0.52,0.19,0.0027,0.01
3.75,0.03,0.21,0.52,0.20,0.0027,0.01
3.88,0.03,0.21,0.51,0.19,0.0027,0.01
4.00,0.03,0.20,0.48,0.18,0.0026,0.01
4.12,0.03,0.19,0.46,0.18,0.0023,0.01
4.25,0.03,0.20,0.48,0.18,0.0026,0.01
4.38,0.04,0.21,0.51,0.20,0.0027,0.01
4.50,0.03,0.21,0.54,0.20,0.0027,0.01
4.62,0.03,0.22,0.54,0.20,0.0027,0.01
4.75,0.03,0.21,0.54,0.20,0.0027,0.01
4.88,0.03,0.22,0.54,0.20,0.0027,0.01
5.00,0.03,0.22,0.54,0.20,0.0027,0.01
5.12,0.03,0.22,0.54,0.20,0.0027,0.01
5.25,0.05,0.20,0.43,0.19,0.0027,0.02
5.38,0.04,0.17,0.38,0.16,0.0017,0.04
5.50,0.05,0.18,0.35,0.16,0.0018,0.01
5.62,0.05,0.21,0.43,0.19,0.0027,0.06
5.75,0.05,0.18,0.36,0.16,0.0023,0.03
5.88,0.05,0.16,0.32,0.15,0.0018,0.03
6.00,0.05,0.15,0.31,0.14,0.0013,0.02
6.12,0.04,0.15,0.30,0.14,0.0014,0.01
6.25,0.04,0.15,0.31,0.14,0.0015,0.01
6.38,0.05,0.16,0.33,0.15,0.0019,0.02
6.50,0.05,0.17,0.37,0.16,0.0024,0.02
6.62,0.05,0.19,0.38,0.17,0.0025,0.02
6.75,0.04,0.19,0.41,0.17,0.0025,0.02
6.88,0.04,0.19,0.43,0.18,0.0026,0.02
7.00,0.04,0.20,0.46,0.18,0.0027,0.02
7.12,0.04,0.20,0.46,0.18,0.0026,0.01
7.25,0.04,0.20,0.46,0.19,0.0026,0.01
7.38,0.04,0.20,0.46,0.18,0.0026,0.01
7.50,0.04,0.20,0.46,0.18,0.0026,0.01
7.62,0.04,0.20,0.46,0.19,0.0027,0.01
7.75,0.04,0.20,0.46,0.18,0.0027,0.01
7.88,0.04,0.19,0.44,0.18,0.0026,0.01
8.00,0.04,0.19,0.44,0.18,0.0025,0.02
8.12,0.04,0.19,0.42,0.18,0.0024,0.02
8.25,0.04,0.20,0.45,0.18,0.0024,0.02
8.38,0.05,0.21,0.49,0.20,0.0027,0.02
8.50,0.03,0.21,0.53,0.20,0.0027,0.02
8.62,0.03,0.21,0.54,0.20,0.0027,0.00
8.75,0.03,0.22,0.54,0.20,0.0027,0.01
8.88,0.04,0.21,0.51,0.20,0.0027,0.01
9.00,0.05,0.19,0.40,0.18,0.0025,0.03
9.12,0.04,0.16,0.32,0.15,0.0018,0.04
9.25,0.04,0.16,0.33,0.15,0.0016,0.01
9.38,0.04,0.16,0.34,0.15,0.0019,0.02
9.50,0.04,0.18,0.38,0.16,0.0024,0.03
9.62,0.04,0.17,0.36,0.16,0.0022,0.01
9.75,0.04,0.19,0.44,0.18,0.0024,0.03
9.88,0.04,0.19,0.45,0.18,0.0025,0.01
10.00,0.05,0.20,0.45,0.19,0.0025,0.01
10.12,0.04,0.19,0.43,0.18,0.0025,0.01
10.25,0.04,0.18,0.39,0.17,0.0024,0.02
10.38,0.05,0.17,0.34,0.16,0.0020,0.03
10.50,0.05,0.16,0.31,0.14,0.0017,0.05
10.62,0.05,0.16,0.30,0.15,0.0020,0.02
10.75,0.06,0.17,0.35,0.16,0.0021,0.03
10.88,0.05,0.18,0.38,0.16,0.0020,0.02
11.00,0.05,0.17,0.38,0.16,0.0020,0.01
11.12,0.05,0.17,0.38,0.16,0.0020,0.01
11.25,0.05,0.18,0.40,0.17,0.0021,0.01
11.38,0.05,0.18,0.40,0.17,0.0022,0.01
11.50,0.05,0.19,0.42,0.18,0.0025,0.02
11.62,0.04,0.19,0.43,0.18,0.0026,0.02
11.75,0.04,0.20,0.45,0.18,0.0026,0.01
11.88,0.03,0.20,0.47,0.18,0.0026,0.01
12.00,0.04,0.20,0.48,0.19,0.0027,0.01
12.12,0.03,0.20,0.49,0.19,0.0027,0.01
12.25,0.03,0.20,0.49,0.19,0.0027,0.00
12.38,0.03,0.21,0.50,0.19,0.0027,0.00
12.50,0.03,0.20,0.50,0.19,0.0027,0.00
12.62,0.03,0.21,0.50,0.19,0.0027,0.01
12.75,0.03,0.20,0.48,0.18,0.0026,0.01
12.88,0.03,0.20,0.48,0.19,0.0026,0.01
13.00,0.03,0.20,0.48,0.18,0.0026,0.01
13.12,0.03,0.20,0.48,0.18,0.0025,0.01
13.25,0.03,0.20,0.50,0.19,0.0026,0.01
13.38,0.03,0.21,0.52,0.19,0.0027,0.01
13.50,0.03,0.22,0.53,0.20,0.0027,0.01
13.62,0.03,0.21,0.53,0.19,0.0027,0.01
13.75,0.03,0.21,0.52,0.19,0.0027,0.00
13.88,0.03,0.21,0.52,0.19,0.0027,0.01
14.00,0.03,0.21,0.51,0.19,0.0026,0.01
14.12,0.03,0.21,0.51,0.19,0.0026,0.01
14.25,0.03,0.21,0.51,0.19,0.0027,0.01
14.38,0.03,0.21,0.52,0.19,0.0027,0.01
14.50,0.03,0.21,0.51,0.19,0.0027,0.01
14.62,0.03,0.21,0.51,0.19,0.0027,0.01
14.75,0.03,0.21,0.51,0.20,0.0027,0.01
14.88,0.03,0.21,0.50,0.19,0.0027,0.01
15.00,0.03,0.20,0.50,0.19,0.0026,0.00
15.12,0.03,0.21,0.50,0.19,0.0027,0.00
15.25,0.03,0.21,0.51,0.19,0.0027,0.00
15.38,0.03,0.21,0.50,0.19,0.0027,0.00
15.50,0.03,0.21,0.51,0.19,0.0027,0.00
15.62,0.13,0.49,0.96,0.45,0.0032,0.23
15.75,0.18,0.66,1.29,0.61,0.0039,0.21
15.88,0.23,0.80,1.53,0.73,0.0047,0.24
16.00,0.25,0.87,1.68,0.80,0.0052,0.24
16.12,0.29,0.92,1.73,0.84,0.0057,0.28
16.25,0.30,0.92,1.73,0.85,0.0055,0.19
16.38,0.30,0.91,1.73,0.84,0.0057,0.20
16.50,0.30,0.93,1.74,0.85,0.0056,0.18
16.62,0.29,0.91,1.72,0.84,0.0058,0.21
16.75,0.27,0.89,1.71,0.82,0.0055,0.24
16.88,0.36,1.02,1.88,0.94,0.0068,0.37
17.00,0.27,0.89,1.73,0.82,0.0055,0.39
17.12,0.30,0.91,1.72,0.84,0.0054,0.31
17.25,0.25,0.85,1.62,0.78,0.0052,0.29
17.38,0.26,0.87,1.66,0.80,0.0055,0.20
17.50,0.26,0.88,1.71,0.81,0.0056,0.25
17.62,0.26,0.90,1.75,0.82,0.0056,0.27
17.75,0.30,0.94,1.78,0.86,0.0061,0.29
17.88,0.30,0.92,1.76,0.85,0.0061,0.24
18.00,0.30,0.92,1.74,0.85,0.0060,0.22
18.12,0.29,0.91,1.72,0.84,0.0056,0.20
18.25,0.30,0.92,1.71,0.84,0.0057,0.19
18.38,0.28,0.86,1.57,0.79,0.0047,0.24
18.50,0.27,0.83,1.52,0.76,0.0045,0.24
18.62,0.28,0.91,1.66,0.83,0.0058,0.30
18.75,0.28,0.87,1.58,0.79,0.0052,0.29
18.88,0.27,0.84,1.51,0.76,0.0048,0.26
19.00,0.26,0.82,1.46,0.75,0.0040,0.24
19.12,0.27,0.80,1.45,0.73,0.0041,0.22
19.25,0.27,0.81,1.46,0.74,0.0040,0.23
19.38,0.32,0.87,1.55,0.80,0.0050,0.30
19.50,0.32,0.90,1.61,0.83,0.0052,0.27
19.62,0.32,0.91,1.64,0.83,0.0057,0.28
19.75,0.32,0.90,1.62,0.83,0.0055,0.27
19.88,0.32,0.90,1.63,0.83,0.0052,0.21
20.00,0.30,0.89,1.64,0.82,0.0057,0.22
20.12,0.28,0.87,1.63,0.80,0.0053,0.21
20.25,0.27,0.87,1.64,0.80,0.0054,0.23
20.38,0.32,0.94,1.73,0.87,0.0057,0.31
20.50,0.27,0.87,1.65,0.80,0.0052,0.30
20.62,0.27,0.87,1.65,0.80,0.0052,0.25
20.75,0.27,0.85,1.60,0.78,0.0053,0.24
20.88,0.25,0.82,1.56,0.75,0.0047,0.22
21.00,0.26,0.83,1.55,0.76,0.0049,0.21
21.12,0.30,0.88,1.60,0.81,0.0049,0.28
21.25,0.30,0.89,1.63,0.82,0.0048,0.26
21.38,0.31,0.93,1.72,0.85,0.0054,0.27
21.50,0.29,0.93,1.78,0.86,0.0055,0.26
21.62,0.28,0.92,1.77,0.85,0.0055,0.24
21.75,0.26,0.89,1.74,0.82,0.0054,0.23
21.88,0.27,0.92,1.77,0.84,0.0056,0.22
22.00,0.28,0.92,1.70,0.84,0.0055,0.23
22.12,0.29,0.88,1.59,0.81,0.0053,0.27
22.25,0.29,0.88,1.58,0.81,0.0048,0.26
22.38,0.28,0.87,1.57,0.79,0.0049,0.28
22.50,0.27,0.84,1.53,0.77,0.0050,0.27
22.62,0.26,0.81,1.48,0.74,0.0045,0.24
22.75,0.30,0.86,1.59,0.80,0.0051,0.25
22.88,0.30,0.88,1.61,0.81,0.0051,0.21
23.00,0.31,0.90,1.66,0.83,0.0053,0.25
23.12,0.32,0.90,1.65,0.83,0.0054,0.24
23.25,0.31,0.89,1.61,0.82,0.0054,0.25
23.38,0.30,0.86,1.56,0.79,0.0051,0.25
23.50,0.28,0.83,1.49,0.76,0.0047,0.26
23.62,0.29,0.84,1.50,0.77,0.0046,0.21
23.75,0.34,0.93,1.63,0.85,0.0055,0.28
23.88,0.28,0.86,1.59,0.79,0.0050,0.29
24.00,0.28,0.87,1.62,0.80,0.0050,0.25
24.12,0.28,0.87,1.61,0.80,0.0050,0.27
24.25,0.27,0.85,1.59,0.78,0.0048,0.28
24.38,0.30,0.87,1.57,0.80,0.0048,0.28
24.50,0.29,0.84,1.54,0.78,0.0048,0.22
24.62,0.30,0.87,1.57,0.80,0.0053,0.21
24.75,0.31,0.89,1.62,0.82,0.0053,0.25
24.88,0.31,0.90,1.68,0.83,0.0055,0.26
25.00,0.29,0.90,1.68,0.83,0.0054,0.25
25.12,0.26,0.88,1.66,0.80,0.0054,0.26
25.25,0.27,0.91,1.71,0.83,0.0053,0.23
25.38,0.27,0.89,1.70,0.82,0.0053,0.19
25.50,0.27,0.91,1.72,0.83,0.0056,0.18
25.62,0.27,0.91,1.74,0.84,0.0055,0.19
25.75,0.27,0.90,1.71,0.83,0.0054,0.24
25.88,0.27,0.90,1.71,0.83,0.0055,0.26
26.00,0.26,0.88,1.68,0.81,0.0053,0.29
26.12,0.30,0.90,1.67,0.83,0.0056,0.31
26.25,0.30,0.89,1.67,0.82,0.0055,0.24
26.38,0.30,0.91,1.71,0.84,0.0055,0.19
26.50,0.30,0.92,1.72,0.85,0.0058,0.24
26.62,0.29,0.92,1.74,0.84,0.0058,0.28
26.75,0.26,0.90,1.72,0.82,0.0056,0.28
26.88,0.36,1.01,1.84,0.93,0.0065,0.39
27.00,0.26,0.88,1.70,0.81,0.0053,0.32
27.12,0.30,0.93,1.74,0.85,0.0055,0.25
27.25,0.26,0.88,1.69,0.81,0.0053,0.23
27.38,0.26,0.88,1.70,0.81,0.0054,0.19
27.50,0.26,0.88,1.68,0.81,0.0054,0.21
27.62,0.27,0.88,1.67,0.81,0.0054,0.24
27.75,0.31,0.91,1.69,0.84,0.0053,0.28
27.88,0.29,0.89,1.68,0.82,0.0054,0.25
28.00,0.28,0.87,1.64,0.80,0.0051,0.23
28.12,0.27,0.86,1.62,0.79,0.0049,0.19
28.25,0.28,0.88,1.66,0.81,0.0055,0.22
28.38,0.26,0.88,1.68,0.81,0.0055,0.28
28.50,0.25,0.89,1.72,0.81,0.0056,0.29
28.62,0.26,0.91,1.75,0.84,0.0057,0.28
28.75,0.27,0.92,1.74,0.84,0.0057,0.25
28.88,0.27,0.92,1.74,0.84,0.0056,0.22
29.00,0.27,0.91,1.73,0.83,0.0056,0.20
29.12,0.27,0.91,1.72,0.83,0.0055,0.20
29.25,0.26,0.88,1.69,0.81,0.0054,0.23
29.38,0.29,0.91,1.71,0.84,0.0054,0.27
29.50,0.29,0.91,1.71,0.84,0.0055,0.23
29.62,0.29,0.91,1.71,0.83,0.0056,0.24
29.75,0.28,0.88,1.67,0.81,0.0053,0.24
29.88,0.28,0.86,1.62,0.79,0.0053,0.23
30.00,0.26,0.86,1.62,0.79,0.0053,0.20
30.12,0.27,0.85,1.59,0.78,0.0051,0.26
30.25,0.27,0.88,1.66,0.81,0.0051,0.27
30.38,0.34,0.97,1.79,0.90,0.0062,0.34
30.50,0.27,0.90,1.73,0.83,0.0055,0.33
30.62,0.27,0.90,1.75,0.83,0.0057,0.24
30.75,0.27,0.89,1.74,0.82,0.0055,0.21
30.88,0.26,0.89,1.74,0.82,0.0054,0.19
31.00,0.26,0.90,1.73,0.82,0.0056,0.21
31.12,0.29,0.92,1.76,0.85,0.0057,0.26
31.25,0.29,0.92,1.74,0.84,0.0057,0.26
31.38,0.30,0.88,1.58,0.81,0.0051,0.27
31.50,0.30,0.85,1.50,0.78,0.0045,0.27
31.62,0.29,0.86,1.49,0.78,0.0051,0.26
31.75,0.27,0.83,1.49,0.75,0.0053,0.23
31.88,0.27,0.83,1.49,0.76,0.0048,0.28
32.00,0.27,0.83,1.48,0.75,0.0043,0.26
32.12,0.27,0.83,1.51,0.76,0.0042,0.25
32.25,0.27,0.83,1.49,0.76,0.0040,0.23
32.38,0.27,0.83,1.50,0.76,0.0044,0.23
32.50,0.28,0.84,1.51,0.77,0.0047,0.22
32.62,0.27,0.84,1.53,0.77,0.0050,0.22
32.75,0.31,0.89,1.59,0.82,0.0054,0.25
32.88,0.31,0.90,1.62,0.83,0.0055,0.23
33.00,0.32,0.92,1.67,0.85,0.0056,0.26
33.12,0.32,0.92,1.69,0.85,0.0057,0.27
33.25,0.30,0.89,1.65,0.82,0.0055,0.28
33.38,0.27,0.85,1.58,0.78,0.0054,0.27
33.50,0.24,0.80,1.51,0.73,0.0048,0.23
33.62,0.26,0.83,1.57,0.76,0.0049,0.21
33.75,0.32,0.92,1.66,0.84,0.0056,0.29
33.88,0.26,0.86,1.63,0.79,0.0053,0.31
34.00,0.27,0.86,1.60,0.79,0.0052,0.25
34.12,0.27,0.85,1.59,0.78,0.0051,0.24
34.25,0.27,0.84,1.57,0.77,0.0048,0.23
34.38,0.31,0.89,1.63,0.82,0.0049,0.23
34.50,0.30,0.91,1.70,0.84,0.0054,0.20
34.62,0.30,0.91,1.71,0.84,0.0055,0.19
34.75,0.29,0.90,1.71,0.83,0.0055,0.23
34.88,0.29,0.91,1.73,0.84,0.0053,0.25
35.00,0.28,0.88,1.65,0.81,0.0052,0.28
35.12,0.26,0.83,1.50,0.76,0.0050,0.30
35.25,0.25,0.81,1.47,0.74,0.0042,0.29
35.38,0.26,0.81,1.46,0.74,0.0042,0.20
35.50,0.27,0.84,1.52,0.77,0.0048,0.25
35.62,0.29,0.87,1.59,0.80,0.0052,0.28
35.75,0.28,0.88,1.64,0.81,0.0052,0.28
35.88,0.27,0.86,1.60,0.79,0.0053,0.26
36.00,0.27,0.84,1.57,0.77,0.0049,0.21
36.12,0.31,0.88,1.60,0.81,0.0054,0.24
36.25,0.30,0.88,1.57,0.80,0.0051,0.20
36.38,0.30,0.86,1.54,0.79,0.0049,0.20
36.50,0.30,0.84,1.48,0.77,0.0045,0.25
36.62,0.29,0.83,1.46,0.76,0.0044,0.25
36.75,0.28,0.82,1.45,0.75,0.0047,0.29
36.88,0.37,0.94,1.63,0.86,0.0056,0.40
37.00,0.25,0.80,1.49,0.73,0.0045,0.36
37.12,0.29,0.84,1.53,0.78,0.0047,0.25
37.25,0.27,0.83,1.54,0.76,0.0049,0.27
37.38,0.28,0.85,1.58,0.78,0.0048,0.24
37.50,0.28,0.87,1.62,0.79,0.0053,0.28
37.62,0.27,0.86,1.61,0.79,0.0052,0.27
37.75,0.29,0.88,1.62,0.81,0.0052,0.29
37.88,0.29,0.89,1.64,0.81,0.0053,0.22
38.00,0.29,0.88,1.63,0.81,0.0053,0.19
38.12,0.29,0.89,1.65,0.81,0.0053,0.20
38.25,0.29,0.89,1.65,0.82,0.0053,0.20
38.38,0.27,0.88,1.65,0.81,0.0054,0.24
38.50,0.26,0.86,1.64,0.79,0.0052,0.25
38.62,0.27,0.88,1.66,0.81,0.0054,0.27
38.75,0.26,0.87,1.65,0.79,0.0052,0.24
38.88,0.24,0.84,1.59,0.77,0.0050,0.22
39.00,0.25,0.85,1.62,0.78,0.0049,0.20
39.12,0.26,0.86,1.63,0.79,0.0051,0.22
39.25,0.26,0.86,1.64,0.79,0.0051,0.27
39.38,0.30,0.92,1.74,0.85,0.0057,0.32
39.50,0.30,0.92,1.73,0.85,0.0057,0.26
39.62,0.30,0.92,1.73,0.85,0.0056,0.22
39.75,0.30,0.91,1.71,0.84,0.0056,0.19
39.88,0.29,0.91,1.71,0.83,0.0057,0.21
40.00,0.28,0.89,1.71,0.82,0.0057,0.23
40.12,0.26,0.87,1.67,0.80,0.0053,0.24
40.25,0.25,0.88,1.70,0.81,0.0055,0.27
40.38,0.32,0.94,1.75,0.87,0.0057,0.32
40.50,0.25,0.85,1.66,0.78,0.0051,0.32
40.62,0.24,0.84,1.63,0.77,0.0052,0.24
40.75,0.23,0.83,1.61,0.76,0.0050,0.18
40.88,0.24,0.84,1.60,0.76,0.0049,0.23
41.00,0.25,0.86,1.63,0.78,0.0051,0.23
41.12,0.28,0.90,1.67,0.82,0.0055,0.29
41.25,0.28,0.87,1.64,0.80,0.0052,0.24
41.38,0.26,0.81,1.54,0.75,0.0049,0.23
41.50,0.21,0.71,1.35,0.65,0.0039,0.19
41.62,0.16,0.58,1.10,0.53,0.0032,0.18
41.75,0.09,0.36,0.75,0.33,0.0028,0.21
41.88,0.10,0.49,0.97,0.44,0.0040,0.21
42.00,0.17,0.78,1.46,0.70,0.0047,0.28
42.12,0.26,1.05,1.96,0.95,0.0073,0.35
42.25,0.32,1.29,2.40,1.17,0.0100,0.43
42.38,0.34,1.40,2.61,1.26,0.0113,0.41
42.50,0.35,1.42,2.63,1.28,0.0114,0.40
42.62,0.35,1.42,2.64,1.28,0.0116,0.36
42.75,0.39,1.45,2.67,1.31,0.0118,0.38
42.88,0.40,1.48,2.72,1.34,0.0118,0.32
43.00,0.40,1.48,2.73,1.34,0.0119,0.36
43.12,0.41,1.48,2.71,1.34,0.0118,0.40
43.25,0.40,1.47,2.68,1.33,0.0116,0.45
43.38,0.38,1.43,2.65,1.29,0.0114,0.45
43.50,0.34,1.37,2.54,1.23,0.0108,0.43
43.62,0.40,1.49,2.73,1.34,0.0118,0.48
43.75,0.46,1.58,2.88,1.43,0.0128,0.49
43.88,0.41,1.52,2.81,1.37,0.0122,0.52
44.00,0.43,1.54,2.85,1.40,0.0127,0.44
44.12,0.41,1.55,2.85,1.40,0.0128,0.46
44.25,0.41,1.53,2.80,1.38,0.0123,0.47
44.38,0.40,1.47,2.69,1.33,0.0117,0.50
44.50,0.40,1.42,2.56,1.29,0.0106,0.37
44.62,0.41,1.42,2.55,1.29,0.0105,0.33
44.75,0.41,1.47,2.65,1.33,0.0116,0.40
44.88,0.40,1.43,2.55,1.29,0.0112,0.40
45.00,0.40,1.42,2.52,1.28,0.0112,0.48
45.12,0.37,1.37,2.46,1.23,0.0101,0.48
45.25,0.37,1.37,2.46,1.24,0.0103,0.47
45.38,0.37,1.37,2.44,1.23,0.0102,0.41
45.50,0.37,1.36,2.43,1.23,0.0103,0.33
45.62,0.37,1.39,2.51,1.26,0.0110,0.41
45.75,0.38,1.44,2.60,1.30,0.0116,0.44
45.88,0.38,1.43,2.63,1.30,0.0116,0.44
46.00,0.37,1.41,2.59,1.27,0.0112,0.42
46.12,0.41,1.45,2.63,1.32,0.0114,0.40
46.25,0.40,1.44,2.64,1.31,0.0114,0.34
46.38,0.40,1.44,2.63,1.31,0.0115,0.31
46.50,0.41,1.46,2.66,1.32,0.0114,0.33
46.62,0.39,1.44,2.64,1.31,0.0114,0.41
46.75,0.38,1.46,2.66,1.32,0.0114,0.44
46.88,0.53,1.67,2.97,1.52,0.0136,0.68
47.00,0.44,1.51,2.72,1.37,0.0123,0.61
47.12,0.45,1.53,2.74,1.39,0.0123,0.52
47.25,0.41,1.45,2.58,1.31,0.0114,0.44
47.38,0.42,1.48,2.65,1.34,0.0117,0.45
47.50,0.42,1.51,2.73,1.37,0.0119,0.47
47.62,0.42,1.54,2.82,1.39,0.0121,0.46
47.75,0.39,1.49,2.78,1.35,0.0115,0.54
47.88,0.39,1.47,2.74,1.33,0.0111,0.40
48.00,0.39,1.46,2.71,1.32,0.0111,0.35
48.12,0.40,1.44,2.64,1.31,0.0113,0.35
48.25,0.40,1.41,2.53,1.28,0.0111,0.35
48.38,0.38,1.36,2.46,1.23,0.0104,0.39
48.50,0.37,1.38,2.48,1.24,0.0106,0.41
48.62,0.38,1.45,2.61,1.30,0.0115,0.47
48.75,0.38,1.42,2.57,1.28,0.0111,0.44
48.88,0.37,1.42,2.60,1.28,0.0112,0.44
49.00,0.35,1.37,2.50,1.24,0.0105,0.39
49.12,0.36,1.38,2.53,1.25,0.0108,0.35
49.25,0.36,1.40,2.55,1.26,0.0110,0.42
49.38,0.42,1.45,2.60,1.31,0.0115,0.49
49.50,0.43,1.48,2.62,1.34,0.0116,0.46
49.62,0.42,1.44,2.54,1.30,0.0110,0.46
49.75,0.43,1.43,2.49,1.29,0.0111,0.41
49.88,0.44,1.44,2.56,1.31,0.0113,0.39
50.00,0.39,1.41,2.54,1.28,0.0112,0.34
50.12,0.38,1.40,2.55,1.27,0.0107,0.36
50.25,0.43,1.50,2.71,1.36,0.0119,0.47
50.38,0.51,1.69,3.01,1.53,0.0131,0.59
50.50,0.43,1.53,2.73,1.38,0.0117,0.60
50.62,0.44,1.49,2.67,1.35,0.0118,0.49
50.75,0.41,1.45,2.60,1.31,0.0117,0.45
50.88,0.41,1.46,2.61,1.32,0.0120,0.36
51.00,0.36,1.40,2.57,1.26,0.0112,0.48
51.12,0.40,1.45,2.64,1.31,0.0114,0.45
51.25,0.41,1.48,2.70,1.34,0.0115,0.47
51.38,0.40,1.47,2.70,1.33,0.0116,0.42
51.50,0.40,1.46,2.69,1.32,0.0116,0.41
51.62,0.39,1.44,2.66,1.31,0.0115,0.36
51.75,0.36,1.42,2.63,1.28,0.0110,0.34
51.88,0.37,1.44,2.68,1.30,0.0112,0.37
52.00,0.37,1.43,2.65,1.30,0.0110,0.36
52.12,0.37,1.45,2.67,1.31,0.0110,0.40
52.25,0.37,1.47,2.72,1.33,0.0118,0.44
52.38,0.36,1.44,2.68,1.30,0.0114,0.42
52.50,0.35,1.39,2.60,1.26,0.0110,0.42
52.62,0.33,1.35,2.52,1.22,0.0105,0.37
52.75,0.38,1.42,2.61,1.28,0.0112,0.39
52.88,0.39,1.44,2.66,1.30,0.0115,0.42
53.00,0.39,1.45,2.69,1.31,0.0114,0.41
53.12,0.40,1.47,2.70,1.33,0.0111,0.43
53.25,0.38,1.46,2.68,1.32,0.0111,0.42
53.38,0.37,1.43,2.64,1.29,0.0112,0.38
53.50,0.35,1.40,2.62,1.26,0.0112,0.35
53.62,0.42,1.55,2.83,1.40,0.0127,0.45
53.75,0.48,1.61,2.90,1.46,0.0132,0.48
53.88,0.41,1.52,2.76,1.37,0.0123,0.50
54.00,0.43,1.55,2.82,1.40,0.0126,0.47
54.12,0.41,1.51,2.76,1.37,0.0124,0.49
54.25,0.41,1.48,2.71,1.34,0.0122,0.48
54.38,0.37,1.40,2.58,1.26,0.0112,0.52
54.50,0.36,1.39,2.56,1.26,0.0110,0.33
54.62,0.37,1.41,2.60,1.28,0.0112,0.38
54.75,0.37,1.43,2.64,1.29,0.0112,0.39
54.88,0.38,1.45,2.69,1.31,0.0115,0.42
55.00,0.38,1.45,2.71,1.31,0.0116,0.40
55.12,0.36,1.43,2.67,1.29,0.0114,0.38
55.25,0.36,1.45,2.67,1.31,0.0113,0.38
55.38,0.35,1.43,2.68,1.29,0.0114,0.34
55.50,0.36,1.45,2.71,1.31,0.0115,0.34
55.62,0.36,1.44,2.69,1.30,0.0114,0.37
55.75,0.36,1.47,2.71,1.32,0.0116,0.42
55.88,0.36,1.44,2.68,1.30,0.0115,0.47
56.00,0.35,1.42,2.65,1.28,0.0115,0.47
56.12,0.39,1.44,2.64,1.30,0.0112,0.45
56.25,0.38,1.39,2.53,1.26,0.0110,0.34
56.38,0.39,1.44,2.59,1.30,0.0113,0.39
56.50,0.40,1.45,2.65,1.32,0.0118,0.42
56.62,0.40,1.46,2.69,1.32,0.0115,0.46
56.75,0.37,1.46,2.73,1.32,0.0117,0.45
56.88,0.52,1.67,3.02,1.52,0.0138,0.63
57.00,0.42,1.52,2.80,1.38,0.0127,0.52
57.12,0.45,1.57,2.89,1.43,0.0128,0.41
57.25,0.40,1.51,2.79,1.37,0.0120,0.41
57.38,0.42,1.53,2.81,1.39,0.0121,0.38
57.50,0.42,1.50,2.69,1.36,0.0119,0.46
57.62,0.44,1.51,2.66,1.36,0.0116,0.49
57.75,0.42,1.47,2.59,1.33,0.0119,0.60
57.88,0.41,1.44,2.57,1.31,0.0117,0.45
58.00,0.40,1.37,2.41,1.24,0.0107,0.42
58.12,0.39,1.38,2.42,1.24,0.0102,0.38
58.25,0.40,1.41,2.48,1.27,0.0107,0.41
58.38,0.38,1.38,2.47,1.25,0.0105,0.46
58.50,0.38,1.39,2.49,1.26,0.0105,0.46
58.62,0.37,1.42,2.53,1.28,0.0109,0.44
58.75,0.38,1.44,2.58,1.30,0.0115,0.41
58.88,0.38,1.44,2.58,1.30,0.0116,0.35
59.00,0.38,1.44,2.62,1.30,0.0113,0.36
59.12,0.38,1.45,2.65,1.31,0.0115,0.35
59.25,0.37,1.43,2.63,1.29,0.0114,0.38
59.38,0.41,1.46,2.66,1.33,0.0113,0.46
59.50,0.41,1.45,2.63,1.31,0.0116,0.43
59.62,0.39,1.43,2.59,1.29,0.0112,0.42
59.75,0.39,1.40,2.55,1.27,0.0109,0.38
59.88,0.38,1.39,2.51,1.26,0.0106,0.31
60.00,0.38,1.40,2.54,1.27,0.0108,0.40
60.12,0.36,1.41,2.57,1.27,0.0109,0.45
60.25,0.44,1.55,2.79,1.40,0.0122,0.57
60.38,0.51,1.73,3.06,1.56,0.0135,0.64
60.50,0.44,1.57,2.84,1.42,0.0120,0.57
60.62,0.43,1.54,2.80,1.40,0.0124,0.46
60.75,0.42,1.52,2.78,1.38,0.0120,0.38
60.88,0.41,1.52,2.79,1.38,0.0123,0.39
61.00,0.36,1.44,2.70,1.30,0.0115,0.43
61.12,0.40,1.47,2.69,1.33,0.0115,0.45
61.25,0.41,1.44,2.58,1.31,0.0115,0.44
61.38,0.39,1.39,2.48,1.25,0.0106,0.46
61.50,0.39,1.36,2.43,1.23,0.0101,0.41
61.62,0.37,1.32,2.36,1.20,0.0099,0.37
61.75,0.35,1.35,2.44,1.22,0.0110,0.40
61.88,0.37,1.42,2.59,1.28,0.0112,0.44
62.00,0.37,1.44,2.65,1.30,0.0115,0.42
62.12,0.39,1.48,2.71,1.34,0.0117,0.43
62.25,0.39,1.47,2.68,1.33,0.0119,0.43
62.38,0.39,1.46,2.65,1.32,0.0118,0.38
62.50,0.38,1.43,2.56,1.29,0.0115,0.37
62.62,0.38,1.40,2.49,1.26,0.0107,0.37
62.75,0.43,1.45,2.54,1.31,0.0109,0.41
62.88,0.43,1.45,2.53,1.31,0.0114,0.41
63.00,0.44,1.48,2.60,1.34,0.0117,0.45
63.12,0.42,1.44,2.57,1.31,0.0112,0.47
63.25,0.41,1.42,2.53,1.29,0.0112,0.44
63.38,0.39,1.38,2.48,1.25,0.0108,0.41
63.50,0.36,1.35,2.45,1.22,0.0105,0.34
63.62,0.45,1.52,2.71,1.38,0.0119,0.51
63.75,0.49,1.60,2.84,1.46,0.0134,0.58
63.88,0.43,1.53,2.76,1.38,0.0124,0.53
64.00,0.43,1.53,2.76,1.39,0.0122,0.44
64.12,0.42,1.51,2.74,1.37,0.0119,0.40
64.25,0.43,1.51,2.72,1.37,0.0121,0.38
64.38,0.39,1.45,2.64,1.31,0.0113,0.44
64.50,0.39,1.46,2.66,1.32,0.0116,0.33
64.62,0.42,1.49,2.71,1.35,0.0115,0.37
64.75,0.42,1.51,2.74,1.36,0.0116,0.41
64.88,0.42,1.49,2.70,1.35,0.0112,0.44
65.00,0.39,1.45,2.64,1.31,0.0115,0.46
65.12,0.37,1.40,2.57,1.27,0.0111,0.44
65.25,0.36,1.41,2.57,1.27,0.0111,0.41
65.38,0.36,1.45,2.66,1.30,0.0114,0.38
65.50,0.37,1.46,2.69,1.32,0.0117,0.41
65.62,0.38,1.48,2.75,1.34,0.0121,0.44
65.75,0.38,1.49,2.78,1.35,0.0118,0.40
65.88,0.37,1.46,2.72,1.32,0.0118,0.42
66.00,0.36,1.45,2.71,1.31,0.0118,0.37
66.12,0.40,1.47,2.71,1.33,0.0117,0.35
66.25,0.39,1.46,2.70,1.32,0.0115,0.33
66.38,0.39,1.47,2.70,1.33,0.0116,0.36
66.50,0.39,1.49,2.73,1.34,0.0121,0.38
66.62,0.39,1.49,2.74,1.35,0.0120,0.44
66.75,0.37,1.47,2.70,1.32,0.0119,0.45
66.88,0.49,1.65,2.94,1.50,0.0134,0.65
67.00,0.39,1.42,2.57,1.28,0.0117,0.56
67.12,0.38,1.36,2.44,1.23,0.0108,0.42
67.25,0.31,1.13,2.04,1.02,0.0081,0.47
67.38,0.24,0.83,1.46,0.75,0.0049,0.44
67.50,0.16,0.48,0.89,0.44,0.0036,0.38
67.62,10.81,11.14,11.24,11.08,0.0651,10.64
67.75,10.25,10.89,11.25,10.78,0.0649,0.43
67.88,9.96,10.76,11.25,10.63,0.0649,0.53
68.00,9.03,9.93,10.57,9.79,0.0647,1.25
68.12,5.09,6.14,7.00,5.98,0.0590,3.96
68.25,1.22,2.31,3.32,2.15,0.0197,3.96
68.38,1.12,2.22,3.25,2.06,0.0184,0.72
68.50,1.05,2.14,3.17,1.99,0.0184,0.67
68.62,1.10,2.31,3.45,2.13,0.0198,0.77
68.75,1.11,2.32,3.45,2.14,0.0198,0.67
68.88,1.09,2.31,3.46,2.13,0.0196,0.77
69.00,1.07,2.30,3.44,2.12,0.0194,0.80
69.12,1.04,2.23,3.32,2.06,0.0187,0.78
69.25,1.01,2.09,3.10,1.93,0.0172,0.85
69.38,1.22,2.26,3.21,2.11,0.0184,0.93
69.50,1.24,2.32,3.30,2.16,0.0196,0.69
69.62,1.29,2.39,3.42,2.23,0.0199,0.79
69.75,1.31,2.43,3.47,2.27,0.0200,0.80
69.88,1.30,2.42,3.47,2.26,0.0200,0.80
70.00,1.19,2.30,3.35,2.14,0.0197,0.87
70.12,1.07,2.20,3.26,2.03,0.0182,0.77
70.25,1.06,2.25,3.42,2.08,0.0190,0.70
70.38,1.15,2.39,3.58,2.21,0.0201,0.76
70.50,1.11,2.26,3.34,2.10,0.0194,0.80
70.62,1.16,2.30,3.37,2.14,0.0195,0.85
70.75,1.28,2.43,3.48,2.26,0.0197,1.04
70.88,1.26,2.41,3.43,2.24,0.0205,1.18
71.00,1.13,2.17,3.06,2.01,0.0188,1.18
71.12,1.18,2.14,2.99,2.00,0.0186,1.01
71.25,1.20,2.19,3.04,2.04,0.0186,0.71
71.38,1.17,2.20,3.09,2.05,0.0186,0.82
71.50,1.21,2.25,3.14,2.09,0.0189,0.74
71.62,1.18,2.23,3.15,2.07,0.0186,0.87
71.75,1.11,2.16,3.10,2.00,0.0182,0.86
71.88,1.09,2.26,3.28,2.09,0.0195,0.81
72.00,1.09,2.25,3.29,2.08,0.0192,0.65
72.12,1.10,2.27,3.30,2.10,0.0192,0.60
72.25,1.09,2.27,3.33,2.09,0.0195,0.65
72.38,1.08,2.27,3.34,2.09,0.0192,0.71
72.50,1.09,2.25,3.30,2.08,0.0192,0.88
72.62,1.07,2.17,3.19,2.01,0.0181,0.90
72.75,1.29,2.35,3.31,2.19,0.0198,1.09
72.88,1.26,2.29,3.24,2.14,0.0193,0.74
73.00,1.23,2.26,3.22,2.11,0.0192,0.61
73.12,1.22,2.30,3.29,2.15,0.0196,0.73
73.25,1.25,2.32,3.31,2.17,0.0196,0.79
73.38,1.15,2.24,3.22,2.08,0.0187,0.93
73.50,1.05,2.13,3.14,1.97,0.0185,0.89
73.62,1.08,2.27,3.44,2.10,0.0200,0.81
73.75,1.11,2.39,3.62,2.21,0.0210,0.78
73.88,1.07,2.27,3.44,2.10,0.0193,0.70
74.00,1.08,2.29,3.46,2.12,0.0197,0.61
74.12,1.08,2.25,3.39,2.08,0.0195,0.74
74.25,1.08,2.22,3.24,2.05,0.0190,0.83
74.38,1.22,2.29,3.19,2.12,0.0194,1.02
74.50,1.20,2.25,3.14,2.09,0.0189,0.82
74.62,1.16,2.17,3.04,2.02,0.0181,0.76
74.75,1.16,2.13,3.01,1.99,0.0185,0.73
74.88,1.18,2.19,3.08,2.04,0.0188,0.70
75.00,1.15,2.20,3.17,2.05,0.0184,0.84
75.12,1.13,2.19,3.17,2.04,0.0185,0.89
75.25,1.12,2.29,3.37,2.12,0.0195,0.95
75.38,1.11,2.27,3.34,2.10,0.0195,0.75
75.50,1.08,2.25,3.28,2.08,0.0197,0.70
75.62,1.08,2.23,3.22,2.05,0.0187,0.60
75.75,1.09,2.22,3.18,2.05,0.0187,0.64
75.88,1.08,2.16,3.08,1.99,0.0178,0.74
76.00,1.05,2.10,3.03,1.94,0.0175,0.81
76.12,1.28,2.37,3.33,2.21,0.0198,1.04
76.25,1.29,2.33,3.27,2.18,0.0193,0.82
76.38,1.26,2.28,3.19,2.13,0.0188,0.77
76.50,1.24,2.24,3.16,2.10,0.0189,0.75
76.62,1.17,2.20,3.14,2.05,0.0189,0.71
76.75,1.07,2.16,3.13,2.00,0.0183,0.85
76.88,1.18,2.41,3.56,2.23,0.0204,1.04
77.00,1.11,2.29,3.40,2.12,0.0196,0.99
77.12,1.15,2.34,3.50,2.17,0.0202,0.90
77.25,1.08,2.25,3.38,2.08,0.0193,0.82
77.38,1.07,2.24,3.37,2.07,0.0185,0.65
77.50,1.05,2.21,3.30,2.04,0.0185,0.63
77.62,1.17,2.29,3.33,2.12,0.0189,0.82
77.75,1.20,2.32,3.38,2.16,0.0200,1.00
77.88,1.31,2.51,3.61,2.34,0.0214,0.92
78.00,1.20,2.37,3.43,2.20,0.0197,0.97
78.12,1.25,2.36,3.38,2.20,0.0199,0.89
78.25,1.13,2.18,3.15,2.03,0.0186,0.88
78.38,1.08,2.11,3.08,1.96,0.0175,0.75
78.50,0.98,2.08,3.11,1.92,0.0178,0.82
78.62,1.06,2.29,3.41,2.11,0.0194,0.89
78.75,1.11,2.34,3.47,2.16,0.0198,0.77
78.88,1.09,2.33,3.49,2.15,0.0197,0.81
79.00,1.08,2.30,3.43,2.12,0.0199,0.76
79.12,1.06,2.25,3.35,2.08,0.0195,0.71
79.25,1.05,2.17,3.21,2.01,0.0180,0.72
79.38,1.31,2.39,3.38,2.23,0.0198,0.90
79.50,1.31,2.39,3.40,2.23,0.0201,0.68
79.62,1.30,2.39,3.43,2.24,0.0204,0.79
79.75,1.28,2.40,3.45,2.24,0.0205,0.78
79.88,1.24,2.35,3.40,2.19,0.0198,0.81
80.00,1.09,2.16,3.17,2.01,0.0184,0.85
80.12,0.98,2.02,3.03,1.87,0.0166,0.78
80.25,0.98,2.17,3.33,2.00,0.0190,0.73
80.38,1.07,2.34,3.59,2.16,0.0203,0.87
80.50,1.07,2.30,3.51,2.12,0.0201,0.88
80.62,1.05,2.32,3.54,2.14,0.0197,0.83
80.75,1.05,2.29,3.50,2.12,0.0196,0.79
80.88,1.02,2.22,3.36,2.05,0.0188,0.76
81.00,0.99,2.12,3.18,1.96,0.0177,0.75
81.12,1.18,2.30,3.34,2.14,0.0199,0.72
81.25,1.18,2.31,3.37,2.14,0.0200,0.67
81.38,1.17,2.30,3.38,2.14,0.0195,0.69
81.50,1.19,2.34,3.42,2.17,0.0198,0.81
81.62,1.15,2.28,3.35,2.11,0.0192,0.86
81.75,1.04,2.15,3.19,1.99,0.0176,0.90
81.88,1.02,2.21,3.31,2.04,0.0188,0.89
82.00,0.98,2.15,3.26,1.98,0.0183,0.62
82.12,1.00,2.21,3.35,2.04,0.0190,0.73
82.25,1.05,2.25,3.39,2.08,0.0187,0.75
82.38,1.06,2.26,3.36,2.09,0.0189,0.81
82.50,1.05,2.19,3.27,2.03,0.0178,0.83
82.62,1.02,2.13,3.19,1.97,0.0177,0.79
82.75,1.24,2.36,3.43,2.20,0.0199,0.93
82.88,1.24,2.36,3.43,2.20,0.0196,0.60
83.00,1.26,2.40,3.47,2.24,0.0200,0.62
83.12,1.26,2.40,3.48,2.24,0.0201,0.70
83.25,1.23,2.38,3.47,2.22,0.0201,0.80
83.38,1.13,2.27,3.35,2.10,0.0191,0.89
83.50,1.01,2.14,3.19,1.98,0.0180,0.92
83.62,1.20,2.35,3.41,2.18,0.0188,1.05
83.75,1.12,2.26,3.31,2.09,0.0187,0.92
83.88,1.31,2.47,3.53,2.30,0.0212,1.00
84.00,1.16,2.33,3.40,2.16,0.0193,1.06
84.12,1.20,2.31,3.32,2.15,0.0197,1.02
84.25,1.09,2.17,3.14,2.01,0.0178,0.98
84.38,1.22,2.26,3.19,2.11,0.0188,0.97
84.50,1.17,2.23,3.17,2.07,0.0188,0.73
84.62,1.15,2.21,3.14,2.05,0.0185,0.59
84.75,1.18,2.26,3.20,2.09,0.0193,0.60
84.88,1.17,2.26,3.24,2.10,0.0195,0.69
85.00,1.11,2.20,3.18,2.04,0.0189,0.76
85.12,1.05,2.16,3.19,2.00,0.0183,0.86
85.25,1.06,2.26,3.34,2.08,0.0191,0.96
85.38,1.01,2.22,3.28,2.04,0.0186,0.78
85.50,0.98,2.13,3.17,1.96,0.0181,0.76
85.62,0.98,2.14,3.21,1.97,0.0182,0.60
85.75,1.00,2.20,3.29,2.02,0.0189,0.74
85.88,1.02,2.18,3.24,2.01,0.0177,0.86
86.00,1.03,2.13,3.14,1.97,0.0178,0.92
86.12,1.29,2.38,3.38,2.22,0.0198,1.04
86.25,1.28,2.35,3.33,2.20,0.0196,0.76
86.38,1.27,2.36,3.34,2.20,0.0195,0.67
86.50,1.27,2.35,3.33,2.19,0.0198,0.63
86.62,1.18,2.26,3.26,2.10,0.0190,0.71
86.75,1.05,2.18,3.25,2.01,0.0182,0.80
86.88,1.10,2.41,3.68,2.22,0.0203,1.00
87.00,0.99,2.21,3.44,2.04,0.0185,0.97
87.12,1.04,2.30,3.53,2.12,0.0198,0.83
87.25,0.98,2.15,3.28,1.98,0.0184,0.84
87.38,0.99,2.11,3.15,1.95,0.0184,0.67
87.50,0.99,2.14,3.16,1.97,0.0179,0.79
87.62,9.47,10.49,11.12,10.32,0.0641,8.43
87.75,9.63,10.60,11.17,10.44,0.0648,0.71
87.88,9.62,10.61,11.20,10.44,0.0649,0.59
88.00,9.57,10.58,11.22,10.41,0.0648,0.60
88.12,5.89,6.96,7.78,6.79,0.0607,3.76
88.25,1.99,3.05,3.98,2.89,0.0254,4.01
88.38,1.22,2.29,3.24,2.13,0.0189,1.25
88.50,1.07,2.13,3.08,1.97,0.0179,0.85
88.62,1.13,2.29,3.32,2.12,0.0191,0.96
88.75,1.08,2.23,3.22,2.06,0.0182,0.88
88.88,1.06,2.21,3.21,2.04,0.0187,0.79
89.00,1.03,2.17,3.14,2.00,0.0181,0.79
89.12,0.99,2.06,3.01,1.90,0.0173,0.76
89.25,0.98,2.03,2.99,1.87,0.0167,0.73
89.38,1.23,2.30,3.26,2.14,0.0190,1.02
89.50,1.28,2.36,3.34,2.20,0.0197,0.75
89.62,1.27,2.35,3.32,2.19,0.0194,0.81
89.75,1.27,2.36,3.32,2.19,0.0197,0.79
89.88,1.25,2.34,3.32,2.18,0.0197,0.70
90.00,1.15,2.25,3.25,2.09,0.0187,0.75
90.12,1.07,2.18,3.19,2.02,0.0179,0.67
90.25,1.04,2.22,3.34,2.05,0.0186,0.72
90.38,1.11,2.35,3.55,2.17,0.0198,0.84
90.50,1.07,2.28,3.45,2.11,0.0192,0.89
90.62,1.07,2.25,3.39,2.08,0.0189,0.86
90.75,1.03,2.18,3.30,2.02,0.0187,0.84
90.88,0.98,2.09,3.13,1.93,0.0168,0.78
91.00,0.94,1.99,2.99,1.84,0.0166,0.69
91.12,1.12,2.22,3.24,2.06,0.0187,0.88
91.25,1.15,2.26,3.28,2.10,0.0192,0.76
91.38,1.18,2.28,3.32,2.12,0.0191,0.81
91.50,1.19,2.29,3.32,2.13,0.0195,0.77
91.62,1.12,2.21,3.25,2.05,0.0189,0.73
91.75,1.05,2.15,3.19,1.99,0.0177,0.74
91.88,1.06,2.27,3.39,2.09,0.0190,0.69
92.00,1.08,2.30,3.42,2.12,0.0197,0.63
92.12,1.07,2.28,3.39,2.10,0.0193,0.70
92.25,1.06,2.30,3.44,2.12,0.0196,0.75
92.38,1.06,2.30,3.42,2.11,0.0194,0.81
92.50,1.04,2.23,3.32,2.06,0.0185,0.86
92.62,0.99,2.11,3.14,1.95,0.0176,0.83
92.75,1.21,2.26,3.23,2.11,0.0188,0.99
92.88,1.24,2.32,3.34,2.17,0.0195,0.67
93.00,1.27,2.36,3.38,2.20,0.0193,0.78
93.12,1.32,2.41,3.43,2.25,0.0197,0.83
93.25,1.29,2.39,3.44,2.24,0.0201,0.82
93.38,1.13,2.25,3.31,2.09,0.0195,0.90
93.50,1.02,2.13,3.19,1.97,0.0185,0.78
93.62,1.03,2.25,3.43,2.08,0.0194,0.70
93.75,1.10,2.36,3.58,2.18,0.0203,0.70
93.88,1.04,2.26,3.45,2.09,0.0190,0.76
94.00,1.04,2.27,3.48,2.10,0.0196,0.70
94.12,1.01,2.26,3.46,2.08,0.0195,0.82
94.25,1.00,2.19,3.33,2.02,0.0188,0.83
94.38,1.12,2.25,3.31,2.08,0.0195,1.00
94.50,1.06,2.13,3.14,1.98,0.0180,0.73
94.62,1.01,2.02,2.97,1.87,0.0166,0.59
94.75,0.95,1.85,2.72,1.72,0.0149,0.70
94.88,0.69,1.35,2.00,1.26,0.0109,0.75
95.00,0.32,0.70,1.13,0.65,0.0037,0.70
95.12,0.10,0.47,0.94,0.43,0.0040,0.41
95.25,0.18,0.80,1.49,0.72,0.0048,0.32
95.38,0.26,1.05,1.95,0.95,0.0074,0.34
95.50,0.33,1.29,2.37,1.16,0.0098,0.43
95.62,0.36,1.41,2.58,1.27,0.0111,0.40
95.75,0.37,1.44,2.65,1.30,0.0118,0.42
95.88,0.36,1.44,2.67,1.30,0.0116,0.38
96.00,0.36,1.43,2.68,1.29,0.0114,0.33
96.12,0.41,1.48,2.74,1.35,0.0118,0.36
96.25,0.41,1.48,2.73,1.34,0.0120,0.34
96.38,0.39,1.48,2.74,1.34,0.0118,0.40
96.50,0.40,1.48,2.76,1.35,0.0119,0.41
96.62,0.41,1.44,2.62,1.31,0.0114,0.43
96.75,0.36,1.36,2.48,1.23,0.0103,0.42
96.88,0.46,1.48,2.59,1.34,0.0111,0.50
97.00,0.36,1.39,2.53,1.25,0.0110,0.51
97.12,0.40,1.43,2.59,1.30,0.0115,0.48
97.25,0.38,1.39,2.52,1.26,0.0107,0.47
97.38,0.38,1.40,2.52,1.27,0.0101,0.43
97.50,0.38,1.39,2.49,1.25,0.0102,0.40
97.62,0.38,1.38,2.48,1.25,0.0104,0.37
97.75,0.41,1.42,2.52,1.28,0.0110,0.36
97.88,0.41,1.42,2.55,1.29,0.0115,0.32
98.00,0.41,1.44,2.58,1.30,0.0118,0.35
98.12,0.40,1.43,2.59,1.30,0.0113,0.37
98.25,0.40,1.45,2.63,1.31,0.0115,0.43
98.38,0.37,1.42,2.61,1.28,0.0115,0.46
98.50,0.34,1.38,2.54,1.24,0.0110,0.44
98.62,0.34,1.39,2.56,1.25,0.0107,0.41
98.75,0.35,1.39,2.56,1.25,0.0111,0.29
98.88,0.36,1.41,2.61,1.28,0.0112,0.39
99.00,0.38,1.45,2.67,1.31,0.0118,0.41
99.12,0.38,1.45,2.68,1.31,0.0118,0.44
99.25,0.37,1.42,2.61,1.28,0.0111,0.40
99.38,0.41,1.46,2.62,1.32,0.0113,0.41
99.50,0.41,1.45,2.61,1.31,0.0110,0.35
99.62,0.41,1.47,2.66,1.33,0.0114,0.32
99.75,0.41,1.49,2.71,1.35,0.0117,0.33
99.88,0.41,1.49,2.75,1.35,0.0117,0.36
100.00,0.39,1.50,2.77,1.36,0.0120,0.43
100.12,0.38,1.47,2.73,1.33,0.0117,0.44
100.25,0.38,1.45,2.67,1.31,0.0115,0.46
100.38,0.43,1.50,2.64,1.35,0.0121,0.51
100.50,0.37,1.35,2.39,1.22,0.0104,0.44
100.62,0.37,1.39,2.47,1.25,0.0105,0.41
100.75,0.37,1.40,2.51,1.26,0.0109,0.41
100.88,0.38,1.42,2.57,1.28,0.0110,0.44
101.00,0.37,1.41,2.55,1.27,0.0110,0.41
101.12,0.41,1.44,2.62,1.31,0.0110,0.46
101.25,0.40,1.44,2.63,1.30,0.0111,0.35
101.38,0.41,1.45,2.64,1.31,0.0111,0.30
101.50,0.41,1.45,2.62,1.31,0.0112,0.30
101.62,0.40,1.42,2.58,1.29,0.0108,0.35
101.75,0.38,1.39,2.50,1.26,0.0106,0.41
101.88,0.38,1.42,2.55,1.28,0.0105,0.48
102.00,0.39,1.41,2.52,1.27,0.0109,0.43
102.12,0.37,1.39,2.51,1.26,0.0108,0.42
102.25,0.36,1.36,2.45,1.22,0.0101,0.37
102.38,0.37,1.38,2.49,1.25,0.0104,0.35
102.50,0.37,1.40,2.54,1.26,0.0107,0.40
102.62,0.38,1.41,2.57,1.28,0.0106,0.42
102.75,0.43,1.49,2.66,1.35,0.0111,0.48
102.88,0.42,1.46,2.62,1.33,0.0112,0.41
103.00,0.42,1.45,2.60,1.32,0.0113,0.40
103.12,0.42,1.46,2.65,1.33,0.0116,0.34
103.25,0.41,1.45,2.66,1.32,0.0118,0.31
103.38,0.38,1.43,2.63,1.29,0.0115,0.34
103.50,0.37,1.42,2.63,1.29,0.0112,0.35
103.62,0.36,1.44,2.69,1.30,0.0112,0.40
103.75,0.41,1.50,2.76,1.36,0.0121,0.48
103.88,0.36,1.41,2.62,1.27,0.0109,0.48
104.00,0.35,1.38,2.57,1.25,0.0111,0.37
104.12,0.36,1.38,2.53,1.25,0.0109,0.31
104.25,0.36,1.40,2.59,1.27,0.0111,0.39
104.38,0.41,1.45,2.65,1.31,0.0115,0.45
104.50,0.42,1.49,2.72,1.35,0.0118,0.44
104.62,0.41,1.49,2.72,1.35,0.0119,0.41
104.75,0.41,1.47,2.70,1.33,0.0117,0.38
104.88,0.40,1.47,2.72,1.33,0.0116,0.34
105.00,0.38,1.44,2.67,1.30,0.0114,0.33
105.12,0.37,1.44,2.68,1.30,0.0114,0.35
105.25,0.37,1.46,2.72,1.32,0.0114,0.38
105.38,0.38,1.47,2.72,1.33,0.0115,0.39
105.50,0.38,1.49,2.77,1.35,0.0119,0.42
105.62,0.38,1.46,2.72,1.32,0.0116,0.44
105.75,0.36,1.42,2.64,1.28,0.0113,0.39
105.88,0.35,1.38,2.54,1.24,0.0111,0.36
106.00,0.35,1.39,2.57,1.26,0.0110,0.34
106.12,0.40,1.45,2.66,1.32,0.0116,0.43
106.25,0.41,1.46,2.68,1.32,0.0114,0.39
106.38,0.40,1.47,2.70,1.33,0.0112,0.41
106.50,0.41,1.47,2.69,1.33,0.0116,0.39
106.62,0.39,1.45,2.67,1.32,0.0116,0.37
106.75,0.37,1.42,2.62,1.28,0.0113,0.35
106.88,0.47,1.58,2.87,1.44,0.0124,0.45
107.00,0.37,1.44,2.67,1.30,0.0112,0.48
107.12,0.40,1.50,2.76,1.36,0.0116,0.44
107.25,0.38,1.47,2.74,1.33,0.0116,0.48
107.38,0.37,1.45,2.70,1.31,0.0115,0.44
107.50,0.36,1.42,2.65,1.28,0.0113,0.42
107.62,0.34,1.37,2.55,1.23,0.0104,0.37
107.75,0.37,1.40,2.58,1.27,0.0106,0.35
107.88,0.39,1.43,2.65,1.30,0.0108,0.38
108.00,0.39,1.45,2.70,1.32,0.0111,0.39
108.12,0.39,1.46,2.72,1.33,0.0113,0.40
108.25,0.39,1.46,2.71,1.32,0.0115,0.39
108.38,0.37,1.43,2.66,1.30,0.0114,0.37
108.50,0.35,1.38,2.58,1.25,0.0109,0.35
108.62,0.36,1.42,2.63,1.29,0.0112,0.34
108.75,0.36,1.44,2.69,1.30,0.0116,0.33
108.88,0.35,1.45,2.70,1.30,0.0114,0.38
109.00,0.36,1.47,2.75,1.33,0.0115,0.41
109.12,0.36,1.46,2.74,1.32,0.0114,0.43
109.25,0.35,1.42,2.66,1.28,0.0113,0.44
109.38,0.37,1.42,2.61,1.28,0.0110,0.44
109.50,0.37,1.38,2.54,1.25,0.0105,0.34
109.62,0.40,1.44,2.60,1.30,0.0114,0.36
109.75,0.41,1.43,2.56,1.29,0.0108,0.43
109.88,0.42,1.44,2.56,1.31,0.0105,0.43
110.00,0.41,1.47,2.65,1.33,0.0117,0.47
110.12,0.39,1.40,2.52,1.27,0.0111,0.42
110.25,0.37,1.37,2.47,1.23,0.0105,0.38
110.38,0.42,1.45,2.59,1.31,0.0109,0.39
110.50,0.37,1.36,2.47,1.23,0.0100,0.40
110.62,0.37,1.37,2.49,1.24,0.0102,0.34
110.75,0.38,1.37,2.49,1.24,0.0104,0.37
110.88,0.37,1.40,2.52,1.26,0.0108,0.44
111.00,0.38,1.42,2.56,1.28,0.0116,0.46
111.12,0.40,1.41,2.53,1.28,0.0113,0.45
111.25,0.39,1.37,2.44,1.24,0.0105,0.37
111.38,0.40,1.41,2.52,1.27,0.0111,0.34
111.50,0.40,1.43,2.60,1.30,0.0118,0.41
111.62,0.38,1.42,2.59,1.28,0.0115,0.43
111.75,0.38,1.42,2.62,1.29,0.0115,0.44
111.88,0.35,1.43,2.62,1.28,0.0112,0.45
112.00,0.36,1.42,2.60,1.28,0.0114,0.37
112.12,0.36,1.42,2.61,1.28,0.0112,0.33
112.25,0.36,1.41,2.60,1.27,0.0112,0.30
112.38,0.36,1.42,2.62,1.28,0.0112,0.34
112.50,0.37,1.42,2.60,1.28,0.0113,0.37
112.62,0.37,1.41,2.59,1.28,0.0109,0.41
112.75,0.41,1.45,2.65,1.32,0.0114,0.48
112.88,0.40,1.45,2.67,1.31,0.0115,0.43
113.00,0.38,1.43,2.63,1.29,0.0111,0.40
113.12,0.38,1.41,2.58,1.27,0.0110,0.30
113.25,0.39,1.44,2.63,1.30,0.0113,0.37
113.38,0.39,1.43,2.60,1.29,0.0115,0.44
113.50,0.39,1.41,2.52,1.27,0.0112,0.47
113.62,0.37,1.41,2.52,1.27,0.0108,0.43
113.75,0.43,1.48,2.62,1.34,0.0116,0.46
113.88,0.38,1.41,2.53,1.27,0.0111,0.44
114.00,0.38,1.39,2.51,1.25,0.0108,0.32
114.12,0.38,1.43,2.63,1.29,0.0118,0.36
114.25,0.37,1.42,2.61,1.28,0.0115,0.36
114.38,0.41,1.45,2.63,1.31,0.0114,0.43
114.50,0.40,1.44,2.63,1.31,0.0115,0.42
114.62,0.39,1.40,2.52,1.27,0.0111,0.44
114.75,0.39,1.37,2.44,1.24,0.0104,0.40
114.88,0.38,1.33,2.32,1.20,0.0097,0.38
115.00,0.39,1.35,2.37,1.22,0.0104,0.37
115.12,0.38,1.39,2.48,1.26,0.0110,0.44
115.25,0.37,1.42,2.57,1.28,0.0111,0.46
115.38,0.38,1.44,2.61,1.30,0.0110,0.42
115.50,0.38,1.43,2.59,1.29,0.0112,0.41
115.62,0.38,1.44,2.59,1.30,0.0116,0.36
115.75,0.38,1.43,2.58,1.29,0.0112,0.34
115.88,0.39,1.43,2.59,1.29,0.0114,0.32
116.00,0.37,1.41,2.56,1.27,0.0113,0.36
116.12,0.41,1.47,2.64,1.33,0.0117,0.42
116.25,0.42,1.49,2.70,1.35,0.0119,0.43
116.38,0.41,1.47,2.67,1.33,0.0118,0.45
116.50,0.42,1.47,2.67,1.33,0.0119,0.42
116.62,0.39,1.42,2.58,1.28,0.0114,0.39
116.75,0.36,1.39,2.55,1.25,0.0112,0.33
116.88,0.47,1.56,2.81,1.42,0.0123,0.54
117.00,0.37,1.44,2.66,1.30,0.0115,0.53
117.12,0.41,1.50,2.77,1.36,0.0119,0.46
117.25,0.36,1.44,2.67,1.30,0.0112,0.44
117.38,0.36,1.43,2.65,1.29,0.0110,0.34
117.50,0.36,1.41,2.62,1.28,0.0112,0.34
117.62,0.36,1.42,2.64,1.28,0.0108,0.32
117.75,0.39,1.47,2.71,1.33,0.0115,0.37
117.88,0.39,1.48,2.73,1.34,0.0115,0.37
118.00,0.40,1.50,2.74,1.35,0.0115,0.40
118.12,0.39,1.48,2.71,1.33,0.0113,0.44
118.25,0.39,1.45,2.67,1.31,0.0115,0.44
118.38,0.36,1.41,2.59,1.27,0.0114,0.41
118.50,0.33,1.37,2.52,1.23,0.0105,0.34
118.62,0.35,1.44,2.65,1.30,0.0110,0.40
118.75,0.36,1.46,2.70,1.32,0.0115,0.40
118.88,0.36,1.46,2.72,1.32,0.0114,0.44
119.00,0.37,1.46,2.72,1.32,0.0115,0.39
119.12,0.36,1.43,2.66,1.29,0.0112,0.40
119.25,0.36,1.43,2.64,1.29,0.0112,0.35
119.38,0.40,1.46,2.67,1.32,0.0115,0.34
119.50,0.40,1.46,2.69,1.33,0.0115,0.32
119.62,0.40,1.46,2.69,1.33,0.0117,0.34
119.75,0.40,1.46,2.69,1.33,0.0119,0.36
119.88,0.41,1.49,2.72,1.35,0.0119,0.41
120.00,0.38,1.46,2.67,1.32,0.0118,0.44
120.12,0.36,1.41,2.61,1.28,0.0109,0.42
120.25,0.34,1.39,2.57,1.25,0.0110,0.40
120.38,0.41,1.49,2.75,1.35,0.0120,0.41
120.50,0.37,1.46,2.66,1.31,0.0116,0.48
120.62,0.36,1.47,2.75,1.33,0.0117,0.44
120.75,0.37,1.49,2.76,1.34,0.0120,0.45
120.88,0.36,1.45,2.70,1.31,0.0117,0.42
121.00,0.37,1.45,2.69,1.31,0.0119,0.37
121.12,0.40,1.47,2.69,1.33,0.0118,0.38
121.25,0.39,1.46,2.69,1.32,0.0117,0.32
121.38,0.39,1.47,2.71,1.33,0.0117,0.32
121.50,0.39,1.46,2.68,1.32,0.0115,0.34
121.62,0.39,1.46,2.68,1.32,0.0115,0.40
121.75,0.36,1.43,2.65,1.29,0.0116,0.44
121.88,0.36,1.43,2.65,1.29,0.0116,0.45
122.00,0.35,1.42,2.64,1.28,0.0115,0.37
122.12,0.35,1.42,2.63,1.28,0.0113,0.30
122.25,0.38,1.45,2.68,1.31,0.0115,0.38
122.38,0.38,1.48,2.74,1.34,0.0119,0.41
122.50,0.38,1.50,2.77,1.35,0.0120,0.45
122.62,0.39,1.48,2.75,1.34,0.0118,0.43
122.75,0.43,1.47,2.63,1.33,0.0115,0.46
122.88,0.42,1.45,2.57,1.32,0.0109,0.37
123.00,0.44,1.46,2.56,1.32,0.0114,0.34
123.12,0.43,1.47,2.61,1.33,0.0115,0.34
123.25,0.43,1.43,2.52,1.30,0.0109,0.38
123.38,0.41,1.43,2.51,1.29,0.0106,0.41
123.50,0.40,1.40,2.49,1.27,0.0105,0.42
123.62,0.39,1.39,2.49,1.25,0.0104,0.44
123.75,0.43,1.45,2.56,1.31,0.0112,0.46
123.88,0.37,1.34,2.39,1.21,0.0102,0.42
124.00,0.38,1.39,2.50,1.25,0.0108,0.35
124.12,0.39,1.41,2.56,1.28,0.0111,0.39
124.25,0.38,1.42,2.60,1.29,0.0109,0.41
124.38,0.43,1.49,2.69,1.35,0.0113,0.48
124.50,0.42,1.48,2.69,1.34,0.0115,0.39
124.62,0.42,1.48,2.67,1.34,0.0116,0.36
124.75,0.42,1.48,2.67,1.34,0.0118,0.35
124.88,0.42,1.48,2.68,1.34,0.0118,0.31
125.00,0.40,1.46,2.66,1.32,0.0116,0.35
125.12,0.39,1.45,2.63,1.31,0.0118,0.39
125.25,0.39,1.50,2.69,1.35,0.0120,0.45
125.38,0.38,1.46,2.63,1.32,0.0117,0.46
125.50,0.38,1.44,2.58,1.29,0.0115,0.41
125.62,0.37,1.40,2.50,1.26,0.0109,0.40
125.75,0.37,1.41,2.56,1.27,0.0112,0.32
125.88,0.37,1.43,2.63,1.29,0.0112,0.39
126.00,0.36,1.44,2.68,1.30,0.0113,0.42
126.12,0.41,1.51,2.78,1.37,0.0120,0.46
126.25,0.40,1.49,2.74,1.35,0.0119,0.39
126.38,0.40,1.47,2.68,1.33,0.0117,0.36
126.50,0.41,1.44,2.55,1.30,0.0116,0.36
126.62,0.40,1.42,2.52,1.28,0.0110,0.34
126.75,0.38,1.40,2.51,1.27,0.0110,0.37
126.88,0.46,1.55,2.73,1.40,0.0119,0.51
127.00,0.37,1.43,2.59,1.29,0.0113,0.55
127.12,0.39,1.41,2.50,1.27,0.0110,0.48
127.25,0.31,1.16,2.13,1.05,0.0086,0.51
127.38,0.23,0.89,1.61,0.80,0.0053,0.39
127.50,0.15,0.57,1.04,0.51,0.0026,0.33
127.62,0.05,0.20,0.43,0.18,0.0026,0.31
127.75,10.62,11.02,11.10,10.94,0.0649,10.74
127.88,10.08,10.77,11.08,10.64,0.0643,0.50
128.00,9.89,10.69,11.08,10.55,0.0642,0.61
128.12,7.50,8.38,8.92,8.23,0.0626,2.62
128.25,3.54,4.55,5.33,4.39,0.0518,4.00
128.38,1.16,2.17,3.06,2.02,0.0183,2.57
128.50,1.07,2.09,3.02,1.94,0.0175,0.74
128.62,1.12,2.27,3.28,2.10,0.0193,0.74
128.75,1.11,2.27,3.31,2.10,0.0191,0.64
128.88,1.10,2.26,3.30,2.09,0.0190,0.71
129.00,1.09,2.27,3.32,2.09,0.0194,0.80
129.12,1.07,2.22,3.26,2.05,0.0188,0.85
129.25,1.03,2.12,3.12,1.96,0.0176,0.87
129.38,1.23,2.25,3.21,2.10,0.0188,0.96
129.50,1.23,2.28,3.24,2.12,0.0190,0.61
129.62,1.25,2.36,3.37,2.19,0.0199,0.78
129.75,1.30,2.39,3.41,2.24,0.0200,0.81
129.88,1.31,2.41,3.42,2.25,0.0204,0.80
130.00,1.22,2.31,3.34,2.15,0.0198,0.89
130.12,1.08,2.17,3.18,2.01,0.0183,0.82
130.25,1.06,2.23,3.37,2.07,0.0189,0.74
130.38,1.15,2.37,3.54,2.20,0.0204,0.72
130.50,1.10,2.26,3.38,2.10,0.0193,0.75
130.62,1.11,2.29,3.43,2.12,0.0193,0.75
130.75,1.10,2.30,3.43,2.13,0.0192,0.85
130.88,1.24,2.41,3.52,2.24,0.0198,1.09
131.00,1.25,2.37,3.42,2.21,0.0207,1.14
131.12,1.25,2.33,3.36,2.17,0.0206,1.21
131.25,1.17,2.21,3.23,2.07,0.0198,0.80
131.38,1.18,2.29,3.33,2.13,0.0202,0.76
131.50,1.18,2.28,3.33,2.12,0.0195,0.80
131.62,1.17,2.28,3.33,2.12,0.0195,0.82
131.75,1.09,2.19,3.22,2.03,0.0187,0.86
131.88,1.07,2.27,3.37,2.09,0.0195,0.87
132.00,1.06,2.27,3.38,2.09,0.0193,0.69
132.12,1.07,2.26,3.36,2.09,0.0194,0.61
132.25,1.09,2.29,3.40,2.12,0.0197,0.62
132.38,1.08,2.27,3.37,2.10,0.0193,0.67
132.50,1.07,2.24,3.31,2.07,0.0186,0.83
132.62,1.09,2.20,3.23,2.04,0.0185,0.90
132.75,1.30,2.39,3.40,2.23,0.0200,1.08
132.88,1.28,2.34,3.32,2.18,0.0196,0.79
133.00,1.23,2.26,3.24,2.12,0.0189,0.73
133.12,1.21,2.29,3.29,2.13,0.0192,0.65
133.25,1.22,2.32,3.37,2.16,0.0198,0.76
133.38,1.15,2.26,3.31,2.10,0.0194,0.89
133.50,1.03,2.15,3.21,1.99,0.0184,0.90
133.62,1.06,2.27,3.49,2.10,0.0199,0.88
133.75,1.10,2.37,3.60,2.19,0.0206,0.81
133.88,1.06,2.28,3.50,2.11,0.0195,0.72
134.00,1.09,2.31,3.49,2.13,0.0203,0.60
134.12,1.08,2.26,3.42,2.09,0.0201,0.72
134.25,1.06,2.23,3.35,2.06,0.0192,0.76
134.38,1.19,2.33,3.39,2.17,0.0204,0.95
134.50,1.18,2.30,3.34,2.14,0.0198,0.82
134.62,1.16,2.25,3.24,2.09,0.0190,0.80
134.75,1.15,2.20,3.17,2.05,0.0188,0.76
134.88,1.16,2.20,3.16,2.05,0.0192,0.64
135.00,1.11,2.21,3.23,2.05,0.0191,0.77
135.12,1.09,2.17,3.21,2.02,0.0183,0.89
135.25,1.12,2.32,3.45,2.15,0.0197,0.96
135.38,1.09,2.30,3.44,2.12,0.0198,0.80
135.50,1.09,2.30,3.44,2.13,0.0200,0.68
135.62,1.07,2.30,3.45,2.12,0.0200,0.68
135.75,1.10,2.31,3.42,2.13,0.0199,0.64
135.88,1.07,2.18,3.19,2.02,0.0180,0.71
136.00,1.05,2.10,3.05,1.95,0.0175,0.76
136.12,1.29,2.40,3.38,2.23,0.0200,1.00
136.25,1.29,2.38,3.34,2.22,0.0201,0.83
136.38,1.29,2.34,3.24,2.18,0.0198,0.83
136.50,1.25,2.27,3.15,2.12,0.0183,0.78
136.62,1.15,2.11,2.97,1.97,0.0175,0.74
136.75,1.04,2.05,2.92,1.90,0.0169,0.80
136.88,1.15,2.34,3.42,2.17,0.0188,0.99
137.00,1.11,2.25,3.30,2.08,0.0188,1.00
137.12,1.16,2.36,3.46,2.18,0.0204,0.92
137.25,1.11,2.25,3.34,2.09,0.0194,0.86
137.38,1.08,2.25,3.35,2.08,0.0194,0.75
137.50,1.05,2.17,3.23,2.01,0.0180,0.67
137.62,1.06,2.15,3.17,1.99,0.0180,0.65
137.75,1.22,2.31,3.32,2.15,0.0197,0.83
137.88,1.33,2.46,3.51,2.30,0.0206,0.87
138.00,1.23,2.46,3.57,2.28,0.0210,1.02
138.12,1.28,2.38,3.39,2.22,0.0205,1.02
138.25,1.17,2.25,3.23,2.09,0.0195,0.90
138.38,1.10,2.12,3.08,1.98,0.0182,0.83
138.50,0.98,2.03,2.98,1.88,0.0174,0.72
138.62,1.05,2.24,3.27,2.06,0.0193,0.89
138.75,1.10,2.29,3.34,2.11,0.0192,0.84
138.88,1.09,2.30,3.39,2.12,0.0195,0.82
139.00,1.08,2.31,3.45,2.13,0.0196,0.80
139.12,1.04,2.25,3.36,2.08,0.0190,0.75
139.25,1.03,2.18,3.26,2.01,0.0184,0.73
139.38,1.30,2.40,3.43,2.24,0.0202,0.88
139.50,1.31,2.39,3.34,2.23,0.0199,0.64
139.62,1.31,2.36,3.28,2.20,0.0198,0.77
139.75,1.29,2.36,3.26,2.20,0.0193,0.81
139.88,1.26,2.32,3.23,2.16,0.0189,0.85
140.00,1.14,2.21,3.16,2.05,0.0188,0.86
140.12,1.00,2.04,2.95,1.88,0.0170,0.86
140.25,0.98,2.12,3.24,1.96,0.0182,0.76
140.38,1.05,2.30,3.48,2.12,0.0200,0.83
140.50,1.02,2.22,3.39,2.05,0.0187,0.93
140.62,1.07,2.29,3.48,2.12,0.0197,0.80
140.75,1.05,2.26,3.39,2.08,0.0194,0.83
140.88,1.05,2.20,3.24,2.03,0.0183,0.81
141.00,1.02,2.08,3.00,1.92,0.0173,0.78
141.12,1.20,2.23,3.12,2.08,0.0188,0.79
141.25,1.22,2.25,3.14,2.09,0.0187,0.61
141.38,1.19,2.22,3.16,2.07,0.0187,0.70
141.50,1.20,2.25,3.20,2.09,0.0188,0.75
141.62,1.18,2.25,3.21,2.09,0.0187,0.85
141.75,1.09,2.13,3.08,1.98,0.0174,0.92
141.88,1.05,2.18,3.19,2.01,0.0183,0.90
142.00,1.02,2.13,3.14,1.97,0.0179,0.75
142.12,1.00,2.15,3.19,1.98,0.0182,0.67
142.25,1.01,2.19,3.26,2.02,0.0187,0.76
142.38,1.06,2.26,3.36,2.09,0.0191,0.76
142.50,1.05,2.22,3.30,2.05,0.0182,0.86
142.62,1.03,2.16,3.22,1.99,0.0181,0.83
142.75,1.24,2.36,3.40,2.20,0.0200,0.95
142.88,1.24,2.36,3.40,2.20,0.0197,0.64
143.00,1.27,2.39,3.42,2.22,0.0197,0.57
143.12,1.27,2.38,3.40,2.21,0.0200,0.67
143.25,1.37,2.48,3.51,2.32,0.0211,0.87
143.38,1.32,2.46,3.50,2.29,0.0209,1.13
143.50,1.26,2.37,3.40,2.21,0.0203,1.27
143.62,1.12,2.32,3.47,2.15,0.0199,1.25
143.75,1.07,2.28,3.46,2.11,0.0196,0.89
143.88,1.04,2.20,3.35,2.03,0.0191,0.72
144.00,1.01,2.19,3.35,2.03,0.0184,0.80
144.12,1.04,2.22,3.36,2.05,0.0187,0.82
144.25,1.05,2.22,3.33,2.05,0.0182,0.89
144.38,1.16,2.28,3.35,2.12,0.0196,0.96
144.50,1.15,2.25,3.31,2.10,0.0193,0.71
144.62,1.13,2.24,3.29,2.08,0.0190,0.64
144.75,1.15,2.26,3.30,2.10,0.0192,0.60
144.88,1.17,2.28,3.32,2.12,0.0190,0.60
145.00,1.10,2.21,3.25,2.05,0.0187,0.75
145.12,1.02,2.13,3.19,1.97,0.0175,0.80
145.25,1.04,2.26,3.38,2.08,0.0187,0.90
145.38,1.02,2.25,3.38,2.07,0.0189,0.84
145.50,0.99,2.18,3.28,2.01,0.0182,0.77
145.62,0.96,2.12,3.19,1.95,0.0176,0.70
145.75,0.96,2.16,3.27,1.99,0.0184,0.68
145.88,0.98,2.15,3.23,1.98,0.0175,0.81
146.00,1.03,2.14,3.19,1.98,0.0178,0.88
146.12,1.29,2.38,3.41,2.23,0.0194,1.06
146.25,1.27,2.37,3.39,2.21,0.0191,0.80
146.38,1.26,2.37,3.39,2.21,0.0196,0.69
146.50,1.26,2.36,3.39,2.20,0.0195,0.65
146.62,1.19,2.31,3.36,2.15,0.0195,0.69
146.75,1.06,2.17,3.24,2.01,0.0182,0.79
146.88,1.11,2.40,3.66,2.21,0.0203,0.91
147.00,0.99,2.22,3.45,2.05,0.0187,0.96
147.12,1.04,2.30,3.53,2.12,0.0198,0.90
147.25,0.99,2.18,3.38,2.01,0.0186,0.87
147.38,0.97,2.13,3.28,1.96,0.0184,0.73
147.50,0.96,2.11,3.23,1.95,0.0179,0.64
147.62,0.97,2.11,3.18,1.95,0.0179,0.81
147.75,9.59,10.60,11.26,10.43,0.0647,8.56
147.88,9.62,10.63,11.30,10.47,0.0651,0.62
148.00,9.57,10.61,11.28,10.44,0.0648,0.56
148.12,7.30,8.42,9.25,8.24,0.0630,2.42
148.25,3.55,4.66,5.61,4.49,0.0526,3.89
148.38,1.13,2.23,3.27,2.07,0.0187,2.58
148.50,1.12,2.22,3.25,2.06,0.0187,0.80
148.62,1.08,2.31,3.45,2.13,0.0196,0.96
148.75,1.10,2.33,3.48,2.15,0.0195,0.80
148.88,1.06,2.26,3.32,2.08,0.0185,0.87
149.00,1.04,2.23,3.28,2.05,0.0182,0.79
149.12,1.00,2.13,3.10,1.96,0.0176,0.79
149.25,0.96,1.99,2.91,1.84,0.0164,0.75
149.38,1.21,2.24,3.15,2.09,0.0190,0.98
149.50,1.25,2.29,3.21,2.14,0.0184,0.76
149.62,1.30,2.35,3.28,2.20,0.0193,0.80
149.75,1.28,2.34,3.26,2.18,0.0191,0.77
149.88,1.27,2.32,3.25,2.16,0.0192,0.76
150.00,1.17,2.23,3.18,2.07,0.0189,0.78
150.12,1.07,2.14,3.09,1.98,0.0176,0.77
150.25,1.05,2.21,3.29,2.04,0.0188,0.68
150.38,1.10,2.32,3.45,2.15,0.0195,0.80
150.50,1.06,2.23,3.34,2.06,0.0191,0.88
150.62,1.09,2.28,3.42,2.11,0.0191,0.85
150.75,1.06,2.21,3.30,2.05,0.0189,0.88
150.88,1.03,2.12,3.14,1.96,0.0174,0.81
151.00,0.97,1.98,2.92,1.83,0.0164,0.79
151.12,1.13,2.18,3.17,2.03,0.0185,0.83
151.25,1.14,2.24,3.25,2.08,0.0191,0.76
151.38,1.20,2.28,3.29,2.13,0.0196,0.75
151.50,1.19,2.28,3.29,2.12,0.0194,0.80
151.62,1.14,2.22,3.20,2.06,0.0184,0.82
151.75,1.06,2.14,3.13,1.98,0.0179,0.82
151.88,1.06,2.25,3.34,2.08,0.0188,0.76
152.00,1.09,2.29,3.41,2.12,0.0196,0.58
152.12,1.06,2.28,3.40,2.10,0.0193,0.66
152.25,1.06,2.29,3.42,2.11,0.0193,0.72
152.38,1.07,2.32,3.49,2.14,0.0199,0.79
152.50,1.04,2.24,3.32,2.06,0.0187,0.84
152.62,1.01,2.12,3.08,1.95,0.0178,0.89
152.75,1.22,2.25,3.13,2.09,0.0186,1.03
152.88,1.21,2.21,3.08,2.06,0.0182,0.65
153.00,1.22,2.27,3.19,2.11,0.0190,0.77
153.12,1.27,2.34,3.30,2.18,0.0196,0.79
153.25,1.26,2.34,3.33,2.18,0.0195,0.87
153.38,1.12,2.22,3.24,2.06,0.0190,0.93
153.50,0.99,2.06,3.08,1.90,0.0173,0.83
153.62,0.95,2.08,3.19,1.92,0.0173,0.76
153.75,0.97,2.04,3.06,1.88,0.0168,0.67
153.88,0.71,1.54,2.32,1.42,0.0121,0.68
154.00,0.42,0.95,1.39,0.87,0.0058,0.68
154.12,0.06,0.17,0.31,0.15,0.0020,0.70
154.25,10.88,11.10,11.01,11.04,0.0646,10.86
154.38,10.53,10.92,11.03,10.85,0.0647,0.42
154.50,10.43,10.88,11.08,10.80,0.0647,0.45
154.62,8.14,8.66,8.97,8.57,0.0631,2.49
154.75,4.31,4.93,5.47,4.84,0.0536,3.91
154.88,2.01,2.66,3.26,2.56,0.0244,2.53
155.00,1.89,2.56,3.19,2.46,0.0229,0.86
155.12,1.82,2.50,3.15,2.40,0.0219,0.76
155.25,1.86,2.69,3.47,2.57,0.0242,0.96
155.38,1.86,2.67,3.46,2.55,0.0241,0.91
155.50,1.82,2.64,3.44,2.52,0.0239,0.95
155.62,1.79,2.61,3.41,2.49,0.0235,1.00
155.75,1.73,2.52,3.32,2.41,0.0230,0.99
155.88,1.63,2.38,3.14,2.28,0.0214,0.96
156.00,1.64,2.34,3.06,2.25,0.0219,0.77
156.12,1.98,2.71,3.41,2.60,0.0246,1.18
156.25,2.07,2.77,3.48,2.67,0.0251,0.99
156.38,2.04,2.77,3.47,2.66,0.0247,1.02
156.50,2.04,2.75,3.44,2.65,0.0247,0.94
156.62,1.97,2.66,3.36,2.57,0.0239,0.97
156.75,1.83,2.55,3.27,2.45,0.0230,0.90
156.88,2.02,2.81,3.64,2.70,0.0248,0.96
157.00,1.84,2.63,3.47,2.53,0.0240,0.99
157.12,1.94,2.73,3.58,2.62,0.0249,0.93
157.25,2.01,2.81,3.68,2.70,0.0253,1.08
157.38,1.85,2.68,3.54,2.57,0.0244,1.17
157.50,2.12,2.91,3.72,2.80,0.0262,1.33
157.62,1.72,2.47,3.22,2.36,0.0228,1.35
157.75,1.85,2.56,3.29,2.47,0.0243,1.04
157.88,1.88,2.60,3.31,2.50,0.0247,0.94
158.00,1.93,2.65,3.37,2.55,0.0238,0.99
158.12,1.94,2.65,3.39,2.55,0.0242,0.96
158.25,1.92,2.64,3.38,2.54,0.0240,1.01
158.38,1.83,2.54,3.26,2.44,0.0224,0.99
158.50,1.76,2.48,3.21,2.38,0.0228,0.87
158.62,1.82,2.67,3.48,2.54,0.0244,0.91
158.75,1.85,2.69,3.50,2.57,0.0241,0.74
158.88,1.80,2.63,3.44,2.51,0.0240,0.82
159.00,1.79,2.62,3.42,2.50,0.0235,0.89
159.12,1.81,2.61,3.39,2.49,0.0231,1.00
159.25,1.81,2.55,3.29,2.44,0.0229,1.13
159.38,1.99,2.70,3.41,2.60,0.0245,1.25
159.50,1.89,2.60,3.34,2.50,0.0237,0.90
159.62,1.87,2.59,3.34,2.49,0.0234,0.77
159.75,1.93,2.66,3.41,2.56,0.0234,0.94
159.88,2.00,2.72,3.46,2.62,0.0242,0.99
160.00,1.92,2.65,3.41,2.55,0.0240,1.07
160.12,1.83,2.54,3.30,2.44,0.0228,1.03
160.25,1.79,2.62,3.52,2.51,0.0246,0.92
160.38,1.93,2.77,3.64,2.65,0.0253,0.88
160.50,1.80,2.62,3.49,2.51,0.0240,0.86
160.62,1.78,2.59,3.44,2.48,0.0231,0.79
160.75,1.79,2.60,3.44,2.49,0.0234,0.90
160.88,1.81,2.61,3.42,2.50,0.0234,1.07
161.00,1.79,2.52,3.23,2.41,0.0227,1.05
161.12,1.88,2.61,3.36,2.51,0.0238,1.18
161.25,1.82,2.54,3.28,2.44,0.0234,0.97
161.38,1.81,2.51,3.26,2.42,0.0232,0.72
161.50,1.89,2.61,3.35,2.51,0.0239,0.92
161.62,1.91,2.63,3.36,2.53,0.0239,1.01
161.75,1.89,2.61,3.34,2.51,0.0238,1.12
161.88,1.86,2.70,3.48,2.58,0.0246,1.15
162.00,1.83,2.64,3.38,2.52,0.0237,0.93
162.12,1.81,2.60,3.30,2.49,0.0236,0.82
162.25,1.83,2.61,3.34,2.50,0.0242,0.72
162.38,1.86,2.62,3.31,2.51,0.0240,0.76
162.50,1.83,2.54,3.18,2.43,0.0228,0.88
162.62,1.78,2.45,3.06,2.35,0.0212,0.96
162.75,2.03,2.71,3.31,2.61,0.0237,1.24
162.88,1.98,2.64,3.24,2.54,0.0232,0.99
163.00,1.92,2.58,3.18,2.49,0.0233,0.97
163.12,1.84,2.51,3.14,2.42,0.0228,0.85
163.25,1.89,2.58,3.23,2.48,0.0237,0.86
163.38,1.86,2.55,3.22,2.45,0.0231,1.10
163.50,1.83,2.52,3.21,2.43,0.0229,1.13
163.62,1.87,2.64,3.46,2.54,0.0238,1.10
163.75,1.98,2.75,3.56,2.64,0.0253,1.10
163.88,1.82,2.59,3.42,2.49,0.0235,0.97
164.00,1.79,2.57,3.37,2.46,0.0228,0.75
164.12,1.81,2.58,3.38,2.47,0.0231,0.74
164.25,1.93,2.67,3.42,2.57,0.0238,0.99
164.38,1.95,2.69,3.42,2.58,0.0247,1.23
164.50,2.07,2.92,3.73,2.80,0.0274,1.14
164.62,1.94,2.65,3.35,2.55,0.0243,1.25
164.75,1.96,2.66,3.33,2.56,0.0241,1.06
164.88,1.82,2.52,3.20,2.42,0.0231,0.99
165.00,1.77,2.48,3.20,2.38,0.0227,0.80
165.12,1.75,2.48,3.23,2.38,0.0225,1.02
165.25,1.83,2.70,3.56,2.58,0.0243,1.17
165.38,1.82,2.69,3.54,2.56,0.0242,1.04
165.50,1.84,2.67,3.48,2.56,0.0241,0.96
165.62,1.85,2.65,3.38,2.53,0.0242,0.89
165.75,1.82,2.60,3.27,2.48,0.0234,0.84
165.88,1.81,2.50,3.10,2.39,0.0221,0.76
166.00,1.82,2.46,3.06,2.36,0.0218,0.90
166.12,2.04,2.71,3.34,2.61,0.0243,1.11
166.25,2.05,2.72,3.36,2.63,0.0249,0.98
166.38,2.02,2.74,3.44,2.63,0.0247,1.02
166.50,2.01,2.72,3.43,2.62,0.0248,0.98
166.62,1.84,2.53,3.23,2.43,0.0231,1.02
166.75,1.65,2.34,3.03,2.24,0.0213,0.85
166.88,1.90,2.71,3.54,2.60,0.0240,1.17
167.00,1.74,2.54,3.32,2.42,0.0231,1.19
167.12,1.90,2.69,3.46,2.58,0.0244,1.10
167.25,1.79,2.58,3.33,2.47,0.0235,1.08
167.38,1.76,2.54,3.32,2.43,0.0228,0.94
167.50,1.73,2.52,3.29,2.41,0.0228,0.86
167.62,1.72,2.46,3.16,2.36,0.0216,0.81
167.75,1.95,2.63,3.29,2.53,0.0240,0.86
167.88,1.92,2.61,3.28,2.51,0.0239,0.82
168.00,1.92,2.62,3.28,2.52,0.0240,0.90
168.12,1.95,2.65,3.33,2.55,0.0241,0.96
168.25,1.92,2.61,3.28,2.51,0.0238,1.07
168.38,1.79,2.48,3.17,2.39,0.0220,1.10
168.50,1.62,2.32,3.04,2.22,0.0213,0.96
168.62,1.69,2.53,3.37,2.41,0.0233,0.94
168.75,1.74,2.59,3.41,2.47,0.0236,0.95
168.88,1.80,2.63,3.44,2.51,0.0235,1.00
169.00,1.80,2.63,3.46,2.51,0.0234,1.00
169.12,1.78,2.58,3.39,2.47,0.0234,0.93
169.25,1.76,2.52,3.29,2.41,0.0225,0.91
169.38,1.97,2.70,3.43,2.60,0.0244,1.01
169.50,1.99,2.71,3.41,2.60,0.0240,0.71
169.62,1.98,2.70,3.42,2.60,0.0235,0.78
169.75,2.01,2.73,3.46,2.63,0.0238,0.85
169.88,1.98,2.73,3.49,2.63,0.0244,0.97
170.00,1.85,2.61,3.36,2.50,0.0232,1.08
170.12,1.76,2.50,3.27,2.40,0.0222,1.11
170.25,1.96,2.77,3.64,2.66,0.0249,1.27
170.38,1.88,2.69,3.54,2.58,0.0240,0.91
170.50,2.10,2.91,3.78,2.80,0.0269,1.24
170.62,1.84,2.65,3.51,2.54,0.0236,1.35
170.75,1.93,2.73,3.58,2.62,0.0246,1.13
170.88,1.77,2.56,3.38,2.45,0.0230,1.08
171.00,1.74,2.47,3.24,2.37,0.0222,0.96
171.12,1.88,2.62,3.39,2.52,0.0241,0.96
171.25,1.86,2.58,3.33,2.48,0.0236,0.70
171.38,1.91,2.63,3.37,2.53,0.0237,0.70
171.50,1.92,2.64,3.38,2.54,0.0241,0.81
171.62,1.87,2.59,3.35,2.49,0.0241,0.92
171.75,1.81,2.56,3.33,2.45,0.0229,1.06
171.88,1.82,2.71,3.56,2.58,0.0245,1.20
172.00,1.69,2.56,3.40,2.43,0.0230,0.97
172.12,1.61,2.45,3.28,2.33,0.0222,0.89
172.25,1.68,2.53,3.36,2.41,0.0230,0.84
172.38,1.74,2.61,3.44,2.48,0.0235,0.92
172.50,1.77,2.59,3.40,2.48,0.0233,1.06
172.62,1.78,2.55,3.32,2.44,0.0221,1.06
172.75,2.00,2.75,3.49,2.64,0.0244,1.27
172.88,2.01,2.74,3.50,2.64,0.0245,0.91
173.00,1.98,2.70,3.46,2.60,0.0238,0.70
173.12,1.98,2.70,3.45,2.60,0.0240,0.72
173.25,1.96,2.67,3.43,2.58,0.0240,0.78
173.38,1.84,2.56,3.33,2.46,0.0230,1.01
173.50,1.71,2.45,3.24,2.35,0.0222,1.04
173.62,1.71,2.55,3.47,2.44,0.0230,1.08
173.75,1.77,2.62,3.53,2.50,0.0235,1.10
173.88,1.58,2.39,3.27,2.28,0.0219,1.01
174.00,1.63,2.45,3.31,2.34,0.0224,0.75
174.12,1.70,2.52,3.36,2.41,0.0231,0.96
174.25,10.10,10.79,11.27,10.68,0.0654,8.36
174.38,10.29,10.91,11.33,10.81,0.0659,0.61
174.50,10.25,10.88,11.29,10.78,0.0656,0.45
174.62,8.74,9.41,9.91,9.31,0.0645,1.69
174.75,5.01,5.72,6.36,5.61,0.0575,3.83
174.88,1.96,2.67,3.38,2.57,0.0245,3.19
175.00,1.97,2.68,3.41,2.58,0.0246,0.94
175.12,1.83,2.51,3.17,2.42,0.0222,1.02
175.25,1.89,2.71,3.48,2.59,0.0238,1.18
175.38,1.85,2.65,3.38,2.53,0.0236,1.07
175.50,1.78,2.59,3.34,2.47,0.0233,1.03
175.62,1.65,2.43,3.14,2.32,0.0222,0.97
175.75,1.61,2.35,3.04,2.24,0.0212,0.83
175.88,1.70,2.41,3.05,2.30,0.0212,0.93
176.00,1.74,2.40,3.00,2.30,0.0210,0.98
176.12,2.01,2.67,3.27,2.58,0.0234,1.26
176.25,2.02,2.70,3.33,2.60,0.0242,0.98
176.38,2.01,2.69,3.33,2.59,0.0240,0.95
176.50,2.01,2.72,3.38,2.62,0.0245,0.79
176.62,1.92,2.62,3.28,2.52,0.0237,0.81
176.75,1.82,2.52,3.19,2.42,0.0227,0.84
176.88,1.98,2.77,3.59,2.66,0.0244,1.09
177.00,1.79,2.59,3.41,2.48,0.0235,1.14
177.12,1.93,2.74,3.56,2.62,0.0251,1.07
177.25,1.78,2.56,3.38,2.46,0.0234,1.15
177.38,1.75,2.52,3.34,2.41,0.0229,0.99
177.50,1.65,2.38,3.16,2.28,0.0220,0.91
177.62,1.67,2.40,3.14,2.30,0.0221,0.83
177.75,1.89,2.60,3.31,2.50,0.0236,1.12
177.88,1.87,2.58,3.26,2.48,0.0227,0.99
178.00,1.89,2.59,3.29,2.50,0.0231,1.00
178.12,1.92,2.62,3.32,2.52,0.0237,0.93
178.25,1.91,2.63,3.34,2.53,0.0241,0.87
178.38,1.83,2.56,3.33,2.46,0.0231,0.81
178.50,1.76,2.49,3.25,2.39,0.0225,0.75
178.62,1.82,2.68,3.53,2.56,0.0238,0.96
178.75,1.81,2.65,3.48,2.53,0.0234,0.85
178.88,1.81,2.63,3.38,2.51,0.0238,1.00
179.00,1.79,2.57,3.26,2.45,0.0231,1.01
179.12,1.75,2.51,3.18,2.40,0.0224,1.04
179.25,1.66,2.35,3.00,2.25,0.0210,1.03
179.38,1.87,2.54,3.19,2.45,0.0229,1.03
179.50,1.96,2.63,3.27,2.54,0.0240,0.95
179.62,2.02,2.72,3.39,2.62,0.0244,1.04
179.75,2.04,2.74,3.43,2.64,0.0242,1.03
179.88,1.99,2.69,3.40,2.59,0.0239,0.96
180.00,1.89,2.59,3.29,2.49,0.0238,0.98
180.12,1.77,2.48,3.16,2.38,0.0225,0.91
180.25,1.76,2.57,3.34,2.45,0.0235,0.81
180.38,1.91,2.70,3.44,2.58,0.0241,0.91
180.50,1.77,2.55,3.32,2.44,0.0230,0.99
180.62,1.76,2.56,3.36,2.45,0.0230,0.92
180.75,1.77,2.60,3.44,2.49,0.0235,1.04
180.88,1.72,2.50,3.26,2.38,0.0223,1.08
181.00,1.66,2.35,3.02,2.25,0.0212,1.00
181.12,1.72,2.41,3.10,2.32,0.0224,1.03
181.25,1.75,2.46,3.14,2.36,0.0222,0.82
181.38,1.70,2.39,3.06,2.29,0.0209,0.97
181.50,1.62,2.28,2.92,2.19,0.0193,0.96
181.62,1.20,1.75,2.29,1.67,0.0137,0.97
181.75,0.65,1.03,1.43,0.98,0.0065,0.85
181.88,0.03,0.20,0.48,0.19,0.0027,0.77
182.00,0.52,1.08,1.64,1.00,0.0091,0.79
182.12,0.83,1.69,2.46,1.56,0.0134,0.72
182.25,0.95,1.91,2.79,1.77,0.0155,0.74
182.38,1.05,2.08,3.04,1.93,0.0170,0.82
182.50,1.08,2.16,3.17,2.01,0.0182,0.79
182.62,1.06,2.12,3.11,1.97,0.0181,0.72
182.75,1.30,2.36,3.33,2.20,0.0192,0.90
182.88,1.31,2.39,3.39,2.24,0.0199,0.61
183.00,1.31,2.40,3.41,2.24,0.0200,0.68
183.12,1.30,2.39,3.42,2.23,0.0199,0.72
183.25,1.25,2.37,3.41,2.21,0.0199,0.80
183.38,1.13,2.23,3.26,2.07,0.0191,0.92
183.50,1.01,2.08,3.12,1.93,0.0176,0.91
183.62,1.08,2.25,3.40,2.08,0.0192,0.90
183.75,1.13,2.33,3.50,2.16,0.0202,0.75
183.88,1.08,2.28,3.43,2.11,0.0196,0.88
184.00,1.14,2.34,3.49,2.17,0.0202,0.87
184.12,1.14,2.34,3.48,2.16,0.0194,0.89
184.25,1.13,2.28,3.36,2.11,0.0194,0.87
184.38,1.21,2.31,3.35,2.15,0.0202,0.97
184.50,1.19,2.30,3.33,2.14,0.0199,0.66
184.62,1.21,2.30,3.32,2.14,0.0199,0.62
184.75,1.24,2.32,3.34,2.17,0.0203,0.67
184.88,1.22,2.32,3.35,2.16,0.0199,0.74
185.00,1.17,2.27,3.32,2.11,0.0196,0.88
185.12,1.05,2.17,3.22,2.01,0.0185,0.88
185.25,1.05,2.26,3.38,2.08,0.0196,0.94
185.38,1.03,2.21,3.29,2.03,0.0190,0.74
185.50,1.00,2.15,3.23,1.99,0.0184,0.66
185.62,1.01,2.21,3.32,2.03,0.0190,0.69
185.75,1.04,2.26,3.37,2.08,0.0190,0.77
185.88,1.07,2.25,3.35,2.08,0.0191,0.84
186.00,1.05,2.17,3.25,2.01,0.0189,0.86
186.12,1.27,2.38,3.44,2.22,0.0200,1.01
186.25,1.26,2.37,3.43,2.21,0.0202,0.69
186.38,1.25,2.34,3.36,2.18,0.0195,0.61
186.50,1.28,2.38,3.42,2.22,0.0198,0.62
186.62,1.22,2.33,3.37,2.17,0.0198,0.80
186.75,1.13,2.24,3.25,2.07,0.0188,0.86
186.88,1.30,2.59,3.76,2.40,0.0215,1.12
187.00,1.24,2.41,3.47,2.24,0.0201,1.09
187.12,1.29,2.46,3.52,2.28,0.0203,0.93
187.25,1.19,2.30,3.33,2.14,0.0192,0.85
187.38,1.14,2.29,3.37,2.12,0.0193,0.71
187.50,1.12,2.31,3.38,2.13,0.0194,0.83
187.62,1.14,2.29,3.32,2.12,0.0190,0.88
187.75,1.24,2.35,3.37,2.19,0.0198,1.04
187.88,1.23,2.34,3.36,2.17,0.0200,0.76
188.00,1.21,2.31,3.34,2.15,0.0199,0.70
188.12,1.20,2.30,3.32,2.14,0.0197,0.66
188.25,1.21,2.26,3.22,2.11,0.0189,0.63
188.38,1.13,2.18,3.10,2.02,0.0178,0.73
188.50,1.05,2.14,3.12,1.98,0.0185,0.85
188.62,1.10,2.30,3.33,2.12,0.0200,0.94
188.75,1.09,2.25,3.24,2.08,0.0191,0.84
188.88,1.08,2.22,3.19,2.05,0.0186,0.82
189.00,1.05,2.13,3.07,1.97,0.0175,0.76
189.12,1.04,2.07,2.97,1.91,0.0169,0.67
189.25,1.05,2.07,2.97,1.92,0.0171,0.79
189.38,1.31,2.34,3.23,2.18,0.0195,1.06
189.50,1.36,2.42,3.36,2.26,0.0201,0.85
189.62,1.32,2.39,3.35,2.23,0.0200,0.85
189.75,1.30,2.38,3.37,2.22,0.0200,0.73
189.88,1.29,2.38,3.38,2.22,0.0204,0.68
190.00,1.19,2.26,3.25,2.11,0.0195,0.68
190.12,1.10,2.16,3.16,2.01,0.0179,0.75
190.25,1.13,2.32,3.46,2.15,0.0202,0.82
190.38,1.22,2.54,3.81,2.35,0.0218,0.95
190.50,1.14,2.38,3.56,2.20,0.0206,0.99
190.62,1.11,2.32,3.45,2.15,0.0198,0.89
190.75,1.08,2.24,3.32,2.07,0.0191,0.83
190.88,1.05,2.11,3.11,1.96,0.0173,0.76
191.00,0.99,2.03,3.00,1.88,0.0170,0.84
191.12,1.18,2.27,3.26,2.11,0.0191,0.95
191.25,1.23,2.33,3.34,2.17,0.0200,0.83
191.38,1.26,2.36,3.41,2.20,0.0201,0.84
191.50,1.25,2.33,3.37,2.18,0.0198,0.81
191.62,1.19,2.29,3.33,2.13,0.0196,0.76
191.75,1.10,2.19,3.21,2.03,0.0178,0.72
191.88,1.12,2.30,3.36,2.13,0.0193,0.74
192.00,1.11,2.24,3.24,2.07,0.0190,0.70
192.12,1.10,2.24,3.24,2.07,0.0185,0.75
192.25,1.09,2.25,3.28,2.08,0.0190,0.77
192.38,1.07,2.21,3.21,2.04,0.0186,0.82
192.50,1.04,2.14,3.11,1.98,0.0178,0.84
192.62,0.99,2.05,3.02,1.89,0.0173,0.82
192.75,1.22,2.26,3.23,2.11,0.0190,0.88
192.88,1.23,2.33,3.33,2.16,0.0198,0.75
193.00,1.26,2.35,3.33,2.19,0.0195,0.80
193.12,1.29,2.39,3.37,2.23,0.0198,0.83
193.25,1.26,2.36,3.32,2.20,0.0200,0.82
193.38,1.14,2.19,3.11,2.03,0.0185,0.85
193.50,1.05,2.08,2.97,1.93,0.0173,0.78
193.62,1.15,2.32,3.36,2.15,0.0201,0.83
193.75,1.23,2.42,3.50,2.24,0.0208,0.81
193.88,1.16,2.30,3.37,2.14,0.0196,0.86
194.00,1.17,2.32,3.40,2.15,0.0200,0.81
194.12,1.14,2.32,3.39,2.14,0.0199,0.90
194.25,1.15,2.28,3.26,2.11,0.0188,0.95
194.38,1.28,2.31,3.23,2.16,0.0193,1.02
194.50,1.29,2.29,3.19,2.14,0.0189,0.66
194.62,1.24,2.32,3.28,2.16,0.0192,0.71
194.75,1.24,2.34,3.32,2.18,0.0191,0.77
194.88,1.25,2.36,3.35,2.19,0.0198,0.82
195.00,1.17,2.27,3.29,2.11,0.0188,0.85
195.12,1.07,2.18,3.19,2.01,0.0178,0.85
195.25,1.06,2.28,3.38,2.10,0.0194,0.81
195.38,1.07,2.27,3.36,2.10,0.0192,0.63
195.50,1.10,2.32,3.44,2.14,0.0197,0.63
195.62,1.08,2.29,3.40,2.11,0.0193,0.71
195.75,1.06,2.27,3.36,2.09,0.0193,0.79
195.88,1.08,2.24,3.32,2.07,0.0185,0.89
196.00,1.03,2.12,3.13,1.96,0.0176,0.91
196.12,1.27,2.34,3.34,2.18,0.0191,1.08
196.25,1.22,2.26,3.26,2.11,0.0189,0.75
196.38,1.20,2.28,3.30,2.12,0.0192,0.65
196.50,1.22,2.35,3.42,2.19,0.0197,0.77
196.62,1.20,2.33,3.39,2.16,0.0196,0.84
196.75,1.09,2.22,3.30,2.06,0.0184,0.93
196.88,1.21,2.49,3.72,2.30,0.0210,1.03
197.00,1.09,2.31,3.50,2.13,0.0197,0.89
197.12,1.12,2.36,3.56,2.18,0.0205,0.74
197.25,1.08,2.29,3.45,2.12,0.0194,0.70
197.38,1.10,2.31,3.49,2.14,0.0197,0.69
197.50,1.07,2.28,3.43,2.10,0.0190,0.76
197.62,1.06,2.25,3.38,2.08,0.0190,0.87
197.75,1.15,2.29,3.36,2.13,0.0189,1.04
197.88,1.13,2.24,3.27,2.08,0.0189,0.81
198.00,1.11,2.17,3.20,2.02,0.0186,0.74
198.12,1.10,2.17,3.18,2.02,0.0187,0.64
198.25,1.11,2.21,3.25,2.05,0.0190,0.77
198.38,1.07,2.19,3.23,2.03,0.0180,0.88
198.50,1.04,2.16,3.21,2.00,0.0184,0.93
198.62,1.05,2.28,3.45,2.10,0.0192,0.92
198.75,1.03,2.25,3.41,2.08,0.0192,0.72
198.88,1.03,2.25,3.41,2.07,0.0190,0.69
199.00,1.04,2.26,3.38,2.08,0.0189,0.60
199.12,1.02,2.22,3.35,2.04,0.0182,0.67
199.25,1.00,2.14,3.23,1.98,0.0177,0.73
199.38,1.22,2.33,3.39,2.17,0.0198,0.99
199.50,1.23,2.36,3.44,2.20,0.0196,0.80
199.62,1.22,2.34,3.39,2.18,0.0195,0.81
199.75,1.19,2.26,3.30,2.11,0.0185,0.78
199.88,1.18,2.22,3.20,2.07,0.0187,0.69
200.00,1.10,2.16,3.16,2.01,0.0186,0.78
200.12,1.03,2.13,3.16,1.97,0.0178,0.88
200.25,1.11,2.33,3.49,2.15,0.0199,0.93
200.38,1.22,2.55,3.83,2.36,0.0211,1.07
200.50,1.13,2.36,3.57,2.19,0.0199,1.00
200.62,1.12,2.33,3.52,2.16,0.0202,0.82
200.75,1.10,2.31,3.47,2.14,0.0195,0.71
200.88,1.09,2.27,3.37,2.10,0.0189,0.68
201.00,1.00,2.11,3.15,1.95,0.0178,0.79
201.12,1.17,2.28,3.30,2.12,0.0191,0.90
201.25,1.20,2.30,3.30,2.14,0.0194,0.77
201.38,1.20,2.28,3.23,2.12,0.0188,0.81
201.50,1.23,2.30,3.22,2.14,0.0190,0.82
201.62,1.15,2.17,3.09,2.02,0.0178,0.81
201.75,1.05,2.11,3.03,1.95,0.0173,0.70
201.88,1.00,2.23,3.30,2.05,0.0189,0.95
202.00,1.05,2.26,3.29,2.08,0.0193,0.82
202.12,1.06,2.25,3.25,2.07,0.0186,0.85
202.25,1.07,2.24,3.26,2.07,0.0188,0.81
202.38,1.05,2.22,3.24,2.05,0.0189,0.71
202.50,1.03,2.16,3.18,2.00,0.0182,0.73
202.62,1.03,2.11,3.06,1.95,0.0177,0.67
202.75,1.29,2.36,3.33,2.20,0.0196,0.93
202.88,1.29,2.37,3.35,2.21,0.0196,0.73
203.00,1.28,2.38,3.39,2.22,0.0197,0.79
203.12,1.24,2.35,3.37,2.19,0.0196,0.82
203.25,1.19,2.28,3.28,2.12,0.0192,0.78
203.38,1.05,2.11,3.11,1.96,0.0177,0.86
203.50,0.93,1.96,2.95,1.82,0.0165,0.79
203.62,1.03,2.24,3.40,2.07,0.0192,0.91
203.75,1.12,2.37,3.55,2.19,0.0202,0.90
203.88,1.10,2.29,3.40,2.11,0.0195,0.91
204.00,1.10,2.29,3.41,2.12,0.0195,0.84
204.12,1.08,2.26,3.33,2.09,0.0189,0.85
204.25,1.08,2.24,3.31,2.07,0.0188,0.77
204.38,1.18,2.30,3.36,2.14,0.0198,0.88
204.50,1.18,2.31,3.36,2.14,0.0198,0.62
204.62,1.18,2.30,3.39,2.14,0.0198,0.69
204.75,1.18,2.31,3.38,2.15,0.0200,0.75
204.88,1.22,2.34,3.37,2.17,0.0201,0.82
205.00,1.15,2.22,3.14,2.06,0.0192,0.96
205.12,1.06,2.08,2.95,1.93,0.0170,0.91
205.25,1.02,2.10,3.06,1.94,0.0175,0.88
205.38,1.01,2.13,3.12,1.96,0.0178,0.66
205.50,1.03,2.21,3.27,2.04,0.0185,0.78
205.62,1.06,2.27,3.36,2.09,0.0193,0.79
205.75,1.05,2.24,3.34,2.07,0.0188,0.83
205.88,1.03,2.18,3.26,2.02,0.0183,0.82
206.00,0.99,2.09,3.12,1.93,0.0177,0.76
206.12,1.25,2.34,3.35,2.18,0.0198,0.85
206.25,1.28,2.37,3.32,2.21,0.0197,0.60
206.38,1.28,2.35,3.27,2.19,0.0195,0.70
206.50,1.27,2.35,3.27,2.19,0.0196,0.75
206.62,1.16,2.24,3.15,2.07,0.0190,0.90
206.75,0.97,1.98,2.86,1.83,0.0161,0.92
206.88,0.95,2.01,2.96,1.85,0.0162,1.01
207.00,0.60,1.31,1.95,1.20,0.0103,0.86
207.12,0.34,0.78,1.17,0.71,0.0044,0.62
207.25,11.01,11.25,11.21,11.19,0.0653,10.48
207.38,10.66,11.07,11.18,10.99,0.0652,0.35
207.50,10.47,10.98,11.18,10.88,0.0652,0.41
207.62,10.41,10.98,11.25,10.88,0.0658,0.49
207.75,10.33,10.92,11.23,10.82,0.0655,0.49
207.88,7.35,8.00,8.46,7.90,0.0632,3.10
208.00,3.49,4.23,4.85,4.12,0.0434,3.91
208.12,1.96,2.69,3.36,2.59,0.0242,1.78
208.25,1.97,2.70,3.41,2.60,0.0246,0.79
208.38,1.86,2.60,3.31,2.50,0.0232,0.86
208.50,1.78,2.52,3.25,2.42,0.0228,0.97
208.62,1.85,2.73,3.56,2.60,0.0242,1.15
208.75,1.83,2.67,3.44,2.54,0.0235,1.00
208.88,1.73,2.53,3.32,2.42,0.0224,0.99
209.00,1.65,2.46,3.25,2.34,0.0227,0.84
209.12,1.72,2.52,3.30,2.40,0.0233,0.90
209.25,1.78,2.53,3.28,2.43,0.0227,1.00
209.38,2.05,2.78,3.49,2.68,0.0247,1.28
209.50,2.05,2.78,3.52,2.68,0.0249,1.01
209.62,2.01,2.73,3.46,2.63,0.0243,0.91
209.75,2.02,2.75,3.48,2.65,0.0244,0.86
209.88,2.02,2.74,3.45,2.64,0.0242,0.73
210.00,1.97,2.67,3.38,2.57,0.0243,0.79
210.12,1.85,2.54,3.26,2.45,0.0228,0.94
210.25,1.86,2.67,3.53,2.56,0.0241,1.03
210.38,2.02,2.85,3.72,2.74,0.0256,1.19
210.50,1.84,2.66,3.51,2.55,0.0241,1.20
210.62,1.84,2.64,3.49,2.53,0.0241,1.05
210.75,1.74,2.54,3.38,2.43,0.0236,0.96
210.88,1.72,2.47,3.25,2.37,0.0231,0.74
211.00,1.72,2.43,3.16,2.33,0.0225,1.06
211.12,1.94,2.65,3.37,2.55,0.0242,1.14
211.25,1.95,2.68,3.42,2.58,0.0242,1.01
211.38,1.93,2.65,3.38,2.55,0.0247,0.93
211.50,1.91,2.63,3.35,2.53,0.0245,0.85
211.62,1.83,2.56,3.29,2.46,0.0231,0.84
211.75,1.78,2.51,3.24,2.41,0.0223,0.74
211.88,1.81,2.68,3.54,2.56,0.0241,0.93
212.00,1.82,2.67,3.51,2.55,0.0245,0.90
212.12,1.82,2.68,3.51,2.56,0.0240,0.99
212.25,1.85,2.68,3.50,2.56,0.0239,1.04
212.38,1.82,2.64,3.45,2.52,0.0241,1.04
212.50,1.73,2.50,3.29,2.39,0.0228,1.04
212.62,1.64,2.36,3.11,2.26,0.0216,0.82
212.75,1.91,2.62,3.38,2.53,0.0237,1.15
212.88,1.99,2.71,3.43,2.61,0.0241,0.95
213.00,2.03,2.75,3.47,2.65,0.0249,0.98
213.12,2.01,2.71,3.41,2.61,0.0242,0.97
213.25,2.00,2.69,3.40,2.60,0.0244,0.95
213.38,1.88,2.59,3.31,2.49,0.0236,0.91
213.50,1.80,2.50,3.22,2.40,0.0226,0.84
213.62,1.89,2.70,3.58,2.59,0.0249,0.87
213.75,2.00,2.81,3.67,2.70,0.0256,0.99
213.88,1.85,2.67,3.55,2.56,0.0244,1.08
214.00,1.87,2.72,3.60,2.60,0.0246,1.04
214.12,1.83,2.65,3.50,2.54,0.0239,1.07
214.25,1.79,2.55,3.31,2.44,0.0231,1.02
214.38,1.80,2.47,3.13,2.38,0.0227,1.18
214.50,1.86,2.52,3.13,2.42,0.0230,0.78
214.62,1.94,2.63,3.30,2.53,0.0243,0.99
214.75,2.00,2.66,3.27,2.56,0.0244,1.02
214.88,1.97,2.61,3.21,2.52,0.0237,1.03
215.00,1.90,2.55,3.15,2.45,0.0227,1.03
215.12,1.82,2.48,3.08,2.38,0.0220,0.88
215.25,1.85,2.65,3.36,2.53,0.0245,0.93
215.38,1.84,2.64,3.34,2.52,0.0242,0.74
215.50,1.84,2.64,3.37,2.53,0.0238,0.82
215.62,1.88,2.70,3.45,2.58,0.0244,0.88
215.75,1.87,2.71,3.49,2.59,0.0245,0.95
215.88,1.84,2.65,3.36,2.53,0.0233,1.06
216.00,1.79,2.53,3.21,2.42,0.0225,1.05
216.12,1.95,2.69,3.38,2.58,0.0238,1.22
216.25,1.92,2.65,3.33,2.55,0.0237,0.69
216.38,1.98,2.72,3.40,2.61,0.0244,0.90
216.50,2.05,2.79,3.46,2.68,0.0244,0.99
216.62,2.06,2.79,3.45,2.69,0.0245,1.11
216.75,1.95,2.67,3.34,2.56,0.0236,1.07
216.88,2.16,2.98,3.76,2.86,0.0257,1.23
217.00,1.92,2.83,3.70,2.70,0.0252,1.12
217.12,2.00,2.87,3.68,2.74,0.0252,0.90
217.25,1.89,2.72,3.53,2.60,0.0243,0.88
217.38,1.88,2.72,3.55,2.60,0.0245,0.89
217.50,1.83,2.67,3.49,2.55,0.0240,0.96
217.62,1.83,2.63,3.40,2.52,0.0237,1.02
217.75,1.95,2.70,3.39,2.59,0.0244,1.24
217.88,1.89,2.60,3.29,2.50,0.0233,0.96
218.00,1.83,2.54,3.20,2.44,0.0231,0.87
218.12,1.91,2.60,3.22,2.50,0.0236,0.83
218.25,1.95,2.65,3.27,2.54,0.0235,0.98
218.38,1.93,2.64,3.26,2.54,0.0237,1.11
218.50,1.82,2.54,3.20,2.44,0.0230,1.04
218.62,1.85,2.68,3.41,2.56,0.0244,1.12
218.75,1.82,2.66,3.44,2.54,0.0240,0.91
218.88,1.81,2.62,3.38,2.50,0.0235,0.74
219.00,1.87,2.67,3.42,2.56,0.0247,0.71
219.12,1.83,2.60,3.32,2.49,0.0235,0.87
219.25,1.82,2.53,3.20,2.43,0.0227,0.97
219.38,2.05,2.73,3.37,2.63,0.0246,1.24
219.50,2.00,2.67,3.25,2.57,0.0237,1.06
219.62,1.95,2.59,3.16,2.50,0.0233,0.98
219.75,1.89,2.54,3.15,2.45,0.0233,0.92
219.88,1.90,2.56,3.20,2.46,0.0229,0.72
220.00,1.83,2.52,3.18,2.42,0.0231,1.04
220.12,1.79,2.47,3.12,2.37,0.0215,1.07
220.25,1.83,2.64,3.45,2.53,0.0238,1.15
220.38,2.02,2.81,3.61,2.70,0.0250,1.18
220.50,1.82,2.62,3.41,2.51,0.0240,1.06
220.62,1.87,2.67,3.47,2.56,0.0243,0.81
220.75,1.84,2.64,3.45,2.53,0.0239,0.72
220.88,1.83,2.60,3.38,2.49,0.0232,0.84
221.00,1.78,2.49,3.22,2.39,0.0226,0.99
221.12,1.93,2.66,3.39,2.56,0.0239,1.11
221.25,1.96,2.66,3.39,2.57,0.0239,1.02
221.38,1.89,2.60,3.32,2.50,0.0236,1.01
221.50,1.83,2.54,3.25,2.44,0.0237,0.97
221.62,1.72,2.43,3.17,2.33,0.0225,0.87
221.75,1.70,2.43,3.17,2.33,0.0222,0.95
221.88,1.78,2.64,3.48,2.52,0.0238,1.11
222.00,1.81,2.67,3.49,2.54,0.0240,1.00
222.12,1.80,2.63,3.45,2.51,0.0238,1.02
222.25,1.80,2.62,3.45,2.51,0.0234,0.93
222.38,1.82,2.65,3.49,2.53,0.0238,0.80
222.50,1.76,2.54,3.35,2.44,0.0225,0.77
222.62,1.76,2.51,3.27,2.40,0.0224,0.78
222.75,1.99,2.73,3.48,2.63,0.0243,1.08
222.88,2.00,2.73,3.49,2.63,0.0243,0.88
223.00,2.01,2.78,3.54,2.67,0.0250,0.98
223.12,1.98,2.71,3.45,2.61,0.0241,1.00
223.25,1.89,2.62,3.35,2.52,0.0238,0.97
223.38,1.72,2.43,3.18,2.33,0.0223,1.01
223.50,1.67,2.40,3.14,2.30,0.0220,0.91
223.62,1.81,2.63,3.51,2.52,0.0240,1.15
223.75,2.00,2.82,3.67,2.70,0.0259,1.18
223.88,1.83,2.65,3.51,2.54,0.0237,1.20
224.00,1.86,2.68,3.57,2.57,0.0242,1.00
224.12,1.80,2.63,3.48,2.51,0.0237,0.87
224.25,1.81,2.59,3.40,2.48,0.0234,0.82
224.38,1.92,2.65,3.39,2.55,0.0242,0.93
224.50,1.92,2.64,3.39,2.54,0.0240,0.76
224.62,1.88,2.60,3.36,2.50,0.0233,0.87
224.75,1.88,2.64,3.42,2.53,0.0240,0.96
224.88,1.89,2.64,3.43,2.54,0.0240,0.98
225.00,1.80,2.55,3.32,2.45,0.0233,1.08
225.12,1.66,2.42,3.17,2.31,0.0215,1.03
225.25,1.62,2.50,3.38,2.37,0.0232,0.93
225.38,1.68,2.55,3.43,2.43,0.0235,0.91
225.50,1.75,2.60,3.44,2.48,0.0235,1.02
225.62,1.80,2.66,3.49,2.54,0.0241,1.01
225.75,1.82,2.64,3.47,2.53,0.0239,0.99
225.88,1.79,2.55,3.33,2.44,0.0234,0.97
226.00,1.73,2.45,3.20,2.35,0.0216,0.90
226.12,1.98,2.68,3.39,2.58,0.0237,0.98
226.25,1.98,2.68,3.38,2.58,0.0233,0.73
226.38,2.00,2.70,3.43,2.60,0.0239,0.84
226.50,1.98,2.71,3.47,2.61,0.0243,0.91
226.62,1.93,2.67,3.45,2.57,0.0243,1.04
226.75,1.79,2.53,3.30,2.43,0.0230,1.08
226.88,1.91,2.74,3.60,2.62,0.0239,1.30
227.00,1.64,2.54,3.51,2.42,0.0232,1.11
227.12,1.83,2.72,3.62,2.59,0.0247,1.02
227.25,1.84,2.69,3.54,2.57,0.0242,1.13
227.38,1.87,2.70,3.48,2.58,0.0243,1.04
227.50,1.85,2.65,3.37,2.53,0.0236,1.08
227.62,1.91,2.66,3.33,2.55,0.0236,1.08
227.75,1.98,2.71,3.37,2.60,0.0242,1.07
227.88,1.98,2.70,3.34,2.59,0.0242,0.75
228.00,2.03,2.73,3.34,2.63,0.0245,0.72
228.12,2.01,2.68,3.29,2.58,0.0241,0.84
228.25,1.96,2.63,3.22,2.53,0.0238,0.92
228.38,1.89,2.59,3.21,2.48,0.0227,1.05
228.50,1.80,2.50,3.15,2.40,0.0222,1.11
228.62,1.80,2.67,3.42,2.54,0.0235,1.18
228.75,1.74,2.58,3.34,2.46,0.0234,0.92
228.88,1.73,2.58,3.33,2.45,0.0232,0.71
229.00,1.80,2.65,3.43,2.53,0.0236,0.93
229.12,1.86,2.67,3.44,2.56,0.0240,1.01
229.25,1.78,2.58,3.30,2.46,0.0222,1.05
229.38,1.99,2.74,3.45,2.63,0.0243,1.24
229.50,1.96,2.74,3.45,2.62,0.0242,0.83
229.62,1.99,2.76,3.49,2.65,0.0241,0.79
229.75,2.07,2.82,3.51,2.71,0.0246,0.73
229.88,2.06,2.80,3.46,2.69,0.0242,0.78
230.00,1.96,2.69,3.38,2.59,0.0237,0.94
230.12,1.88,2.63,3.32,2.52,0.0226,1.06
230.25,1.94,2.79,3.60,2.67,0.0239,1.21
230.38,2.04,2.88,3.68,2.76,0.0253,1.20
230.50,1.77,2.60,3.41,2.48,0.0229,1.19
230.62,1.72,2.55,3.39,2.43,0.0231,0.84
230.75,1.77,2.62,3.47,2.50,0.0240,0.95
230.88,1.83,2.64,3.44,2.53,0.0233,0.99
231.00,1.75,2.50,3.23,2.39,0.0224,1.09
231.12,1.95,2.65,3.30,2.55,0.0240,1.18
231.25,1.94,2.61,3.24,2.51,0.0240,0.93
231.38,1.91,2.58,3.20,2.48,0.0234,0.82
231.50,1.91,2.57,3.20,2.48,0.0234,0.74
231.62,1.86,2.55,3.19,2.45,0.0231,0.75
231.75,1.79,2.49,3.18,2.39,0.0222,0.93
231.88,1.82,2.69,3.51,2.57,0.0244,1.14
232.00,1.83,2.70,3.52,2.58,0.0243,1.01
232.12,1.80,2.63,3.41,2.51,0.0238,1.02
232.25,1.72,2.54,3.29,2.42,0.0230,0.96
232.38,1.68,2.47,3.21,2.35,0.0228,0.92
232.50,1.73,2.46,3.11,2.35,0.0226,0.83
232.62,1.76,2.44,3.05,2.34,0.0220,1.03
232.75,2.02,2.69,3.27,2.59,0.0239,1.28
232.88,1.99,2.67,3.30,2.57,0.0234,1.02
233.00,1.98,2.67,3.33,2.57,0.0234,0.98
233.12,1.97,2.68,3.34,2.57,0.0238,0.85
233.25,1.96,2.67,3.35,2.57,0.0239,0.77
233.38,1.87,2.57,3.25,2.47,0.0235,0.79
233.50,1.72,2.42,3.10,2.32,0.0222,0.91
233.62,1.76,2.56,3.38,2.45,0.0234,1.03
233.75,1.76,2.57,3.39,2.46,0.0225,1.09
233.88,1.47,2.24,3.01,2.13,0.0182,1.12
234.00,1.01,1.65,2.28,1.56,0.0129,0.97
234.12,0.52,0.94,1.36,0.88,0.0054,0.83
234.25,11.95,12.28,12.60,12.24,0.0660,11.36
234.38,11.68,12.13,12.50,12.06,0.0661,0.29
234.50,11.52,12.09,12.53,12.00,0.0664,0.32
234.62,11.49,12.12,12.58,12.02,0.0669,0.39
234.75,8.25,8.93,9.43,8.82,0.0644,3.39
234.88,4.08,4.76,5.28,4.65,0.0481,4.34
235.00,2.34,3.02,3.56,2.92,0.0274,2.06
235.12,2.28,2.95,3.47,2.84,0.0268,0.84
235.25,2.33,3.16,3.79,3.03,0.0286,0.91
235.38,2.34,3.16,3.79,3.03,0.0281,0.88
235.50,2.34,3.14,3.75,3.01,0.0278,0.97
235.62,2.40,3.20,3.80,3.07,0.0285,1.06
235.75,2.33,3.10,3.68,2.98,0.0276,1.11
235.88,2.29,3.01,3.53,2.90,0.0266,1.11
236.00,2.25,2.89,3.38,2.79,0.0262,1.04
236.12,2.59,3.23,3.69,3.13,0.0286,1.11
236.25,2.63,3.27,3.74,3.17,0.0284,1.04
236.38,2.67,3.31,3.78,3.21,0.0286,1.07
236.50,2.62,3.30,3.78,3.19,0.0288,1.12
236.62,2.41,3.14,3.67,3.02,0.0277,1.11
236.75,2.26,2.99,3.53,2.88,0.0267,1.04
236.88,2.44,3.24,3.90,3.12,0.0288,1.07
237.00,2.34,3.10,3.73,2.98,0.0274,0.97
237.12,2.42,3.19,3.80,3.07,0.0284,0.90
237.25,10.64,11.29,11.55,11.17,0.0660,8.21
237.38,10.64,11.31,11.59,11.19,0.0661,0.39
237.50,10.71,11.34,11.58,11.22,0.0664,0.47
237.62,10.81,11.42,11.58,11.30,0.0665,0.46
237.75,7.95,8.55,8.78,8.44,0.0642,3.04
237.88,4.05,4.72,5.11,4.61,0.0454,4.01
238.00,2.55,3.20,3.66,3.10,0.0286,2.06
238.12,2.64,3.30,3.75,3.19,0.0292,1.15
238.25,2.55,3.22,3.67,3.11,0.0281,1.19
238.38,2.46,3.13,3.60,3.02,0.0272,1.18
238.50,2.37,3.03,3.52,2.92,0.0270,1.08
238.62,2.39,3.21,3.80,3.08,0.0286,1.00
238.75,2.35,3.15,3.75,3.02,0.0281,0.82
238.88,2.30,3.10,3.70,2.97,0.0278,0.77
239.00,2.30,3.12,3.73,2.99,0.0281,0.87
239.12,2.31,3.09,3.70,2.97,0.0277,1.03
239.25,2.29,3.02,3.56,2.90,0.0269,1.12
239.38,2.46,3.15,3.68,3.05,0.0282,1.30
239.50,2.36,3.06,3.59,2.95,0.0271,1.01
239.62,2.29,2.98,3.55,2.87,0.0268,0.89
239.75,2.36,3.05,3.62,2.94,0.0270,0.87
239.88,2.44,3.12,3.71,3.01,0.0282,1.01
240.00,2.40,3.09,3.70,2.99,0.0282,1.16
240.12,2.31,3.00,3.57,2.89,0.0267,1.17
240.25,2.25,3.03,3.76,2.92,0.0270,1.03
240.38,2.46,3.21,3.84,3.09,0.0288,1.07
240.50,2.29,3.02,3.64,2.91,0.0269,0.98
240.62,2.33,3.05,3.64,2.94,0.0270,0.79
240.75,2.32,3.07,3.69,2.96,0.0283,0.93
240.88,2.30,2.99,3.52,2.88,0.0272,1.03
241.00,2.30,2.92,3.35,2.82,0.0266,1.09
241.12,2.42,3.02,3.45,2.92,0.0273,1.27
241.25,2.35,2.96,3.38,2.86,0.0272,1.04
241.38,2.26,2.87,3.27,2.77,0.0263,0.93
241.50,2.25,2.86,3.29,2.76,0.0266,0.72
241.62,2.32,2.95,3.40,2.85,0.0274,1.05
241.75,2.31,2.96,3.42,2.85,0.0270,1.14
241.88,2.31,3.12,3.72,2.99,0.0290,1.21
242.00,2.33,3.10,3.69,2.98,0.0284,1.03
242.12,2.29,3.07,3.68,2.95,0.0284,0.95
242.25,2.29,3.05,3.66,2.94,0.0282,0.82
242.38,2.31,3.08,3.67,2.96,0.0286,0.79
242.50,2.30,3.03,3.59,2.91,0.0274,0.82
242.62,2.29,2.98,3.53,2.87,0.0269,0.96
242.75,2.54,3.22,3.73,3.11,0.0288,1.29
242.88,2.55,3.22,3.72,3.12,0.0290,1.13
243.00,2.54,3.21,3.71,3.10,0.0288,1.05
243.12,2.46,3.13,3.61,3.03,0.0281,1.05
243.25,2.38,3.06,3.55,2.95,0.0276,0.89
243.38,2.37,3.05,3.56,2.94,0.0273,1.06
243.50,2.30,2.99,3.50,2.88,0.0265,1.11
243.62,2.32,3.13,3.80,3.01,0.0276,1.18
243.75,2.43,3.25,3.91,3.12,0.0288,1.17
243.88,2.40,3.22,3.87,3.09,0.0280,1.08
244.00,2.32,3.16,3.83,3.03,0.0282,1.03
244.12,2.41,3.23,3.86,3.10,0.0287,0.91
244.25,2.33,3.04,3.57,2.93,0.0273,0.99
244.38,2.53,3.21,3.67,3.09,0.0293,1.11
244.50,2.45,3.11,3.58,3.00,0.0281,1.05
244.62,2.49,3.14,3.61,3.04,0.0284,1.03
244.75,2.48,3.10,3.55,3.00,0.0283,1.10
244.88,2.38,3.01,3.49,2.91,0.0276,1.06
245.00,2.22,2.85,3.33,2.75,0.0264,1.01
245.12,2.23,2.86,3.36,2.76,0.0267,0.89
245.25,2.33,3.10,3.69,2.98,0.0284,1.18
245.38,2.37,3.11,3.66,2.99,0.0284,1.11
245.50,2.29,3.04,3.55,2.91,0.0272,1.12
245.62,2.28,3.00,3.51,2.88,0.0269,1.06
245.75,2.29,3.00,3.48,2.88,0.0273,0.88
245.88,2.25,2.91,3.38,2.80,0.0261,0.86
246.00,2.24,2.85,3.31,2.76,0.0259,0.80
246.12,2.47,3.09,3.54,2.99,0.0275,1.06
246.25,2.49,3.11,3.58,3.01,0.0273,0.90
246.38,2.49,3.14,3.63,3.04,0.0276,1.00
246.50,2.49,3.12,3.61,3.02,0.0277,1.05
246.62,2.34,2.99,3.49,2.89,0.0280,1.15
246.75,2.17,2.82,3.33,2.72,0.0261,1.11
246.88,2.34,3.09,3.75,2.98,0.0278,1.01
247.00,2.21,2.97,3.63,2.86,0.0269,1.20
247.12,2.36,3.13,3.82,3.02,0.0287,1.20
247.25,2.29,3.06,3.75,2.95,0.0276,1.22
247.38,2.24,3.02,3.72,2.91,0.0277,1.02
247.50,2.25,3.00,3.66,2.89,0.0277,1.00
247.62,2.25,2.96,3.57,2.85,0.0270,0.90
247.75,2.40,3.05,3.58,2.95,0.0280,0.93
247.88,2.39,3.05,3.59,2.95,0.0282,0.78
248.00,2.39,3.07,3.60,2.96,0.0281,0.86
248.12,2.40,3.08,3.62,2.97,0.0281,0.95
248.25,2.37,3.05,3.62,2.95,0.0282,1.06
248.38,2.28,2.96,3.52,2.86,0.0269,1.16
248.50,2.13,2.81,3.36,2.70,0.0257,1.07
248.62,2.09,2.90,3.56,2.78,0.0271,1.02
248.75,2.17,2.97,3.63,2.85,0.0273,0.91
248.88,2.22,3.01,3.66,2.89,0.0272,1.03
249.00,2.29,3.08,3.74,2.96,0.0281,1.07
249.12,2.30,3.05,3.67,2.94,0.0277,1.09
249.25,2.27,2.95,3.50,2.84,0.0268,1.05
249.38,2.53,3.19,3.74,3.09,0.0290,1.15
249.50,2.48,3.15,3.70,3.04,0.0285,0.81
249.62,2.49,3.15,3.71,3.05,0.0285,0.78
249.75,2.54,3.21,3.75,3.11,0.0292,0.89
249.88,2.62,3.29,3.84,3.19,0.0296,1.10
250.00,2.63,3.31,3.87,3.21,0.0300,1.33
250.12,2.46,3.14,3.70,3.04,0.0286,1.50
250.25,2.28,3.04,3.73,2.93,0.0282,1.38
250.38,2.25,3.03,3.73,2.92,0.0281,1.10
250.50,2.14,2.90,3.60,2.79,0.0268,0.92
250.62,2.16,2.96,3.65,2.84,0.0268,1.02
250.75,2.22,3.00,3.69,2.88,0.0273,1.08
250.88,2.21,2.97,3.64,2.86,0.0265,1.06
251.00,2.19,2.91,3.49,2.80,0.0263,1.02
251.12,2.34,3.06,3.65,2.95,0.0282,1.07
251.25,2.33,3.04,3.62,2.93,0.0277,0.83
251.38,2.36,3.05,3.63,2.94,0.0282,0.69
251.50,2.38,3.07,3.64,2.96,0.0279,0.78
251.62,2.36,3.06,3.62,2.95,0.0280,0.98
251.75,2.33,3.01,3.58,2.90,0.0273,1.09
251.88,2.33,3.17,3.84,3.04,0.0288,1.31
252.00,2.30,3.12,3.78,2.99,0.0286,1.12
252.12,2.17,2.96,3.58,2.84,0.0272,1.06
252.25,2.05,2.83,3.45,2.71,0.0263,0.85
252.38,2.17,2.95,3.59,2.83,0.0270,0.93
252.50,2.22,2.98,3.59,2.87,0.0272,1.05
252.62,2.21,2.97,3.59,2.85,0.0270,1.11
252.75,2.44,3.17,3.77,3.06,0.0285,1.27
252.88,2.46,3.16,3.75,3.05,0.0285,0.97
253.00,2.44,3.15,3.74,3.04,0.0283,0.85
253.12,2.41,3.12,3.70,3.01,0.0285,0.73
253.25,2.40,3.11,3.69,3.00,0.0282,0.81
253.38,2.30,3.02,3.58,2.91,0.0274,0.97
253.50,2.26,2.94,3.45,2.83,0.0263,1.09
253.62,2.32,3.10,3.74,2.98,0.0278,1.17
253.75,10.56,11.24,11.52,11.12,0.0659,8.33
253.88,10.55,11.23,11.51,11.10,0.0658,0.45
254.00,10.58,11.22,11.46,11.10,0.0659,0.41
254.12,10.60,11.24,11.46,11.12,0.0662,0.45
254.25,7.68,8.38,8.73,8.26,0.0639,3.05
254.38,3.94,4.64,5.04,4.52,0.0444,3.99
254.50,2.50,3.20,3.66,3.08,0.0289,2.06
254.62,2.41,3.10,3.57,2.99,0.0285,1.09
254.75,2.43,3.11,3.59,3.00,0.0287,0.94
254.88,2.37,3.04,3.51,2.93,0.0277,0.83
255.00,2.29,2.97,3.47,2.86,0.0272,0.78
255.12,2.20,2.89,3.42,2.78,0.0262,0.87
255.25,2.25,3.08,3.72,2.95,0.0279,1.07
255.38,2.26,3.09,3.75,2.96,0.0281,1.02
255.50,2.23,3.04,3.66,2.91,0.0278,1.07
255.62,2.19,2.99,3.61,2.87,0.0273,1.05
255.75,2.09,2.89,3.49,2.76,0.0268,1.01
255.88,2.05,2.79,3.35,2.67,0.0255,0.81
256.00,2.18,2.85,3.37,2.74,0.0259,1.04
256.12,2.52,3.18,3.68,3.08,0.0289,1.31
256.25,2.54,3.19,3.69,3.09,0.0286,1.13
256.38,2.49,3.15,3.64,3.05,0.0283,1.03
256.50,2.49,3.14,3.64,3.04,0.0282,0.98
256.62,2.43,3.12,3.68,3.01,0.0283,0.95
256.75,2.28,2.98,3.56,2.87,0.0270,0.89
256.88,2.43,3.23,3.93,3.11,0.0287,1.06
257.00,2.21,3.01,3.70,2.89,0.0270,1.04
257.12,2.35,3.16,3.85,3.04,0.0288,1.08
257.25,2.27,3.02,3.63,2.91,0.0275,1.21
257.38,2.23,2.97,3.54,2.85,0.0270,1.07
257.50,2.12,2.82,3.36,2.71,0.0252,1.00
257.62,2.05,2.73,3.22,2.62,0.0251,0.92
257.75,2.29,2.95,3.45,2.85,0.0270,1.09
257.88,2.34,3.02,3.55,2.92,0.0276,1.04
258.00,2.43,3.11,3.64,3.00,0.0284,1.07
258.12,2.45,3.12,3.64,3.01,0.0287,1.07
258.25,2.41,3.07,3.58,2.97,0.0282,1.02
258.38,2.36,3.03,3.54,2.93,0.0278,1.02
258.50,2.26,2.92,3.38,2.81,0.0269,0.87
258.62,2.32,3.08,3.61,2.96,0.0280,0.90
258.75,2.33,3.06,3.57,2.94,0.0277,0.90
258.88,2.31,3.05,3.55,2.93,0.0274,0.97
259.00,2.30,3.08,3.64,2.95,0.0278,1.04
259.12,2.25,3.00,3.55,2.88,0.0275,1.11
259.25,2.17,2.86,3.38,2.75,0.0257,1.10
259.38,2.32,2.98,3.47,2.88,0.0268,1.23
259.50,2.30,2.96,3.46,2.86,0.0266,0.74
259.62,2.36,3.05,3.57,2.94,0.0274,1.01
259.75,2.41,3.10,3.61,2.99,0.0279,1.03
259.88,2.43,3.15,3.71,3.04,0.0285,1.07
260.00,2.35,3.06,3.62,2.95,0.0278,1.10
260.12,2.18,2.89,3.45,2.78,0.0259,1.06
260.25,1.99,2.80,3.51,2.68,0.0249,0.90
260.38,2.00,2.77,3.45,2.65,0.0237,0.92
260.50,1.37,2.00,2.59,1.91,0.0171,1.01
260.62,0.77,1.22,1.66,1.16,0.0087,0.94
260.75,0.04,0.21,0.49,0.20,0.0027,0.93
260.88,11.73,12.17,12.53,12.10,0.0660,11.88
261.00,11.56,12.10,12.51,12.02,0.0661,0.30
261.12,11.49,12.10,12.56,12.00,0.0666,0.40
261.25,9.08,9.76,10.26,9.65,0.0649,2.58
261.38,4.88,5.56,6.10,5.46,0.0564,4.37
261.50,2.36,3.04,3.60,2.93,0.0280,2.76
261.62,2.29,2.95,3.52,2.85,0.0269,0.82
261.75,2.30,2.98,3.55,2.88,0.0267,0.83
261.88,2.31,3.13,3.80,3.01,0.0282,0.98
262.00,2.31,3.12,3.78,3.00,0.0282,0.98
262.12,2.37,3.15,3.79,3.03,0.0285,1.07
262.25,2.35,3.12,3.75,3.00,0.0285,1.08
262.38,2.29,3.05,3.67,2.94,0.0280,1.10
262.50,2.16,2.89,3.49,2.78,0.0266,1.00
262.62,2.17,2.84,3.41,2.74,0.0260,0.85
262.75,2.47,3.13,3.68,3.03,0.0284,1.27
262.88,2.54,3.19,3.73,3.09,0.0286,1.09
263.00,2.56,3.23,3.77,3.13,0.0294,1.06
263.12,2.53,3.21,3.75,3.10,0.0288,1.00
263.25,2.46,3.13,3.69,3.03,0.0285,0.92
263.38,2.30,2.98,3.54,2.87,0.0271,0.94
263.50,2.21,2.89,3.46,2.78,0.0264,0.82
263.62,2.23,2.99,3.66,2.88,0.0273,0.85
263.75,2.40,3.17,3.85,3.06,0.0285,1.05
263.88,10.53,11.20,11.58,11.09,0.0660,8.15
264.00,10.51,11.19,11.55,11.07,0.0659,0.42
264.12,10.58,11.23,11.57,11.12,0.0663,0.42
264.25,8.49,9.15,9.51,9.04,0.0651,2.28
264.38,4.64,5.30,5.80,5.20,0.0554,3.98
264.50,2.46,3.14,3.72,3.04,0.0288,2.64
264.62,2.44,3.11,3.67,3.01,0.0284,1.12
264.75,2.51,3.20,3.77,3.09,0.0293,1.14
264.88,2.45,3.13,3.69,3.03,0.0287,1.13
265.00,2.38,3.05,3.61,2.94,0.0280,1.08
265.12,2.30,2.97,3.53,2.87,0.0272,0.93
265.25,2.26,3.08,3.74,2.95,0.0282,0.90
265.38,2.28,3.06,3.69,2.94,0.0277,0.81
265.50,2.29,3.07,3.68,2.95,0.0278,0.86
265.62,2.28,3.08,3.73,2.96,0.0278,0.99
265.75,2.32,3.13,3.80,3.00,0.0285,1.04
265.88,2.25,3.00,3.64,2.89,0.0269,1.12
266.00,2.15,2.84,3.43,2.74,0.0261,1.06
266.12,2.30,2.99,3.56,2.88,0.0271,1.16
266.25,2.41,3.08,3.67,2.98,0.0282,0.83
266.38,2.45,3.14,3.74,3.04,0.0283,0.98
266.50,2.52,3.18,3.69,3.07,0.0284,1.08
266.62,2.46,3.10,3.57,3.00,0.0274,1.18
266.75,2.36,2.97,3.41,2.87,0.0266,1.13
266.88,2.54,3.28,3.89,3.17,0.0291,1.21
267.00,2.31,3.01,3.59,2.90,0.0278,1.08
267.12,2.39,3.10,3.66,2.99,0.0283,0.86
267.25,2.28,2.97,3.52,2.86,0.0270,0.98
267.38,2.30,3.00,3.55,2.89,0.0271,0.93
267.50,2.28,2.97,3.51,2.86,0.0263,1.04
267.62,2.22,2.89,3.39,2.78,0.0258,1.12
267.75,2.40,3.04,3.50,2.94,0.0278,1.27
267.88,2.31,2.95,3.40,2.84,0.0274,0.99
268.00,2.26,2.91,3.39,2.80,0.0274,0.75
268.12,2.36,3.00,3.51,2.90,0.0277,0.95
268.25,2.39,3.05,3.58,2.95,0.0282,1.08
268.38,2.30,2.99,3.53,2.88,0.0268,1.15
268.50,2.23,2.92,3.46,2.81,0.0268,1.09
268.62,2.33,3.13,3.76,3.00,0.0289,1.09
268.75,2.32,3.10,3.72,2.98,0.0288,0.88
268.88,2.33,3.07,3.66,2.96,0.0285,0.80
269.00,2.33,3.07,3.66,2.96,0.0286,0.79
269.12,2.32,3.05,3.61,2.93,0.0278,0.88
269.25,2.33,2.99,3.51,2.89,0.0272,1.09
269.38,2.56,3.19,3.67,3.09,0.0284,1.37
269.50,2.52,3.16,3.65,3.06,0.0282,1.11
269.62,2.42,3.07,3.60,2.97,0.0277,1.02
269.75,2.32,2.99,3.55,2.89,0.0275,0.90
269.88,2.38,3.07,3.65,2.96,0.0278,0.91
270.00,2.37,3.06,3.65,2.95,0.0279,1.11
270.12,2.29,2.99,3.56,2.88,0.0267,1.16
270.25,2.27,3.04,3.64,2.92,0.0275,1.09
270.38,2.43,3.18,3.75,3.06,0.0287,1.16
270.50,2.27,3.00,3.60,2.89,0.0278,1.08
270.62,2.31,3.05,3.64,2.93,0.0277,0.78
270.75,2.29,3.04,3.66,2.93,0.0277,0.73
270.88,2.32,3.06,3.60,2.94,0.0273,0.91
271.00,2.42,3.14,3.64,3.02,0.0276,1.14
271.12,2.55,3.33,3.90,3.21,0.0295,1.40
271.25,2.60,3.27,3.76,3.16,0.0295,1.27
271.38,2.48,3.14,3.64,3.04,0.0280,1.19
271.50,2.42,3.08,3.54,2.97,0.0281,1.07
271.62,2.34,2.98,3.44,2.88,0.0275,0.84
271.75,2.35,2.97,3.41,2.87,0.0268,1.10
271.88,2.39,3.16,3.69,3.03,0.0284,1.25
272.00,2.38,3.14,3.69,3.02,0.0284,1.12
272.12,2.31,3.06,3.60,2.94,0.0276,1.08
272.25,2.29,3.02,3.57,2.91,0.0272,0.92
272.38,2.29,3.02,3.56,2.90,0.0270,0.80
272.50,2.27,2.95,3.49,2.85,0.0264,0.80
272.62,2.24,2.89,3.38,2.78,0.0258,0.85
272.75,2.51,3.15,3.62,3.05,0.0281,1.15
272.88,2.48,3.15,3.66,3.04,0.0281,1.00
273.00,2.51,3.16,3.69,3.06,0.0284,1.03
273.12,2.44,3.12,3.65,3.01,0.0286,1.07
273.25,2.33,3.00,3.55,2.90,0.0277,1.04
273.38,2.13,2.80,3.34,2.69,0.0259,0.91
273.50,2.15,2.79,3.34,2.69,0.0258,1.02
273.62,2.24,3.01,3.71,2.90,0.0270,1.16
273.75,2.42,3.21,3.90,3.09,0.0288,1.24
273.88,2.27,3.04,3.72,2.92,0.0278,1.19
274.00,2.27,3.05,3.72,2.93,0.0284,1.01
274.12,2.32,3.06,3.71,2.95,0.0280,0.90
274.25,2.25,2.95,3.55,2.85,0.0266,0.81
274.38,2.38,3.05,3.60,2.95,0.0278,0.93
274.50,2.36,3.03,3.59,2.93,0.0277,0.85
274.62,2.34,3.02,3.58,2.92,0.0274,0.99
274.75,2.37,3.07,3.66,2.96,0.0277,0.97
274.88,2.37,3.05,3.64,2.95,0.0281,1.07
275.00,2.26,2.94,3.52,2.84,0.0276,1.09
275.12,2.09,2.76,3.32,2.66,0.0254,1.01
275.25,2.14,2.96,3.63,2.84,0.0274,0.96
275.38,2.23,3.04,3.69,2.91,0.0276,1.06
275.50,2.29,3.08,3.72,2.96,0.0280,1.10
275.62,2.30,3.09,3.74,2.97,0.0278,1.07
275.75,2.30,3.08,3.70,2.96,0.0279,1.03
275.88,2.31,3.01,3.59,2.90,0.0272,0.95
276.00,2.24,2.90,3.45,2.80,0.0268,0.88
276.12,2.50,3.16,3.70,3.06,0.0284,1.01
276.25,2.50,3.16,3.70,3.06,0.0285,0.85
276.38,2.46,3.13,3.67,3.03,0.0279,0.88
276.50,2.47,3.16,3.73,3.06,0.0283,1.05
276.62,2.38,3.06,3.62,2.96,0.0277,1.15
276.75,2.22,2.90,3.48,2.80,0.0267,1.18
276.88,2.47,3.25,3.95,3.14,0.0296,1.41
277.00,2.15,2.93,3.61,2.81,0.0273,1.07
277.12,2.57,3.37,4.09,3.25,0.0305,1.34
277.25,2.23,3.03,3.74,2.91,0.0278,1.43
277.38,2.30,3.12,3.85,3.00,0.0285,1.20
277.50,2.21,3.01,3.68,2.89,0.0273,1.06
277.62,2.21,2.96,3.58,2.85,0.0270,0.99
277.75,2.36,3.07,3.66,2.96,0.0284,1.03
277.88,2.36,3.05,3.62,2.95,0.0282,0.76
278.00,2.40,3.09,3.66,2.98,0.0284,0.78
278.12,2.41,3.09,3.64,2.98,0.0281,0.87
278.25,2.41,3.08,3.62,2.97,0.0284,1.03
278.38,2.32,2.99,3.51,2.88,0.0269,1.16
278.50,2.21,2.88,3.42,2.78,0.0261,1.24
278.62,2.19,2.98,3.63,2.86,0.0275,1.19
278.75,2.06,2.87,3.54,2.75,0.0266,0.93
278.88,2.13,2.94,3.64,2.82,0.0273,0.87
279.00,2.21,3.01,3.69,2.89,0.0279,0.99
279.12,2.24,3.05,3.73,2.93,0.0280,1.06
279.25,2.22,2.98,3.62,2.86,0.0267,1.09
279.38,2.44,3.15,3.73,3.04,0.0282,1.24
279.50,2.46,3.16,3.73,3.05,0.0287,0.87
279.62,2.46,3.11,3.61,3.01,0.0279,0.81
279.75,2.46,3.11,3.57,3.01,0.0279,0.75
279.88,2.48,3.16,3.67,3.05,0.0286,0.87
280.00,2.36,3.02,3.49,2.92,0.0277,1.03
280.12,2.31,2.95,3.40,2.84,0.0262,1.18
280.25,2.27,2.98,3.54,2.87,0.0267,1.17
280.38,2.35,3.07,3.64,2.95,0.0278,1.24
280.50,2.09,2.80,3.39,2.70,0.0261,1.15
280.62,2.13,2.86,3.44,2.75,0.0261,0.82
280.75,2.20,2.94,3.53,2.82,0.0269,1.05
280.88,10.60,11.22,11.44,11.10,0.0663,8.40
281.00,10.83,11.36,11.50,11.26,0.0665,0.57
281.12,10.77,11.33,11.48,11.22,0.0661,0.40
281.25,9.27,9.90,10.15,9.78,0.0654,1.67
281.38,5.54,6.18,6.60,6.08,0.0590,3.86
281.50,2.41,3.09,3.61,2.98,0.0289,3.23
281.62,2.41,3.10,3.64,2.99,0.0286,0.90
281.75,2.28,2.97,3.51,2.86,0.0265,1.07
281.88,2.32,3.19,3.86,3.05,0.0286,1.19
282.00,2.27,3.10,3.75,2.97,0.0287,1.12
282.12,2.22,3.01,3.62,2.88,0.0278,1.08
282.25,2.14,2.92,3.51,2.80,0.0274,1.03
282.38,2.10,2.88,3.46,2.75,0.0269,0.84
282.50,2.23,2.94,3.51,2.83,0.0266,0.98
282.62,2.28,2.95,3.50,2.85,0.0264,1.12
282.75,2.55,3.24,3.80,3.13,0.0289,1.37
282.88,2.51,3.19,3.77,3.09,0.0285,1.05
283.00,2.49,3.19,3.75,3.08,0.0291,0.96
283.12,2.48,3.17,3.74,3.07,0.0286,0.86
283.25,2.43,3.11,3.62,3.00,0.0282,0.82
283.38,2.33,2.98,3.44,2.88,0.0272,0.96
283.50,2.24,2.88,3.33,2.78,0.0259,0.98
283.62,2.23,2.98,3.55,2.86,0.0266,1.01
283.75,2.38,3.15,3.77,3.03,0.0285,1.16
283.88,2.23,2.97,3.56,2.86,0.0271,1.20
284.00,2.12,2.88,3.53,2.77,0.0264,1.02
284.12,2.06,2.79,3.42,2.68,0.0259,0.94
284.25,2.11,2.82,3.37,2.71,0.0258,0.86
284.38,2.33,3.02,3.56,2.92,0.0278,1.18
284.50,2.40,3.08,3.58,2.97,0.0281,1.07
284.62,2.45,3.11,3.57,3.00,0.0281,1.09
284.75,2.44,3.08,3.50,2.97,0.0283,1.00
284.88,2.45,3.07,3.47,2.97,0.0281,0.95
285.00,2.34,2.97,3.40,2.87,0.0273,0.90
285.12,2.28,2.92,3.38,2.82,0.0261,0.82
285.25,2.29,3.08,3.65,2.95,0.0274,0.97
285.38,2.31,3.08,3.63,2.96,0.0275,0.94
285.50,2.31,3.08,3.65,2.96,0.0277,1.05
285.62,2.27,3.04,3.63,2.92,0.0275,1.08
285.75,2.20,2.97,3.55,2.85,0.0270,1.06
285.88,2.13,2.86,3.41,2.74,0.0260,1.06
286.00,2.02,2.72,3.24,2.61,0.0251,0.82
286.12,2.39,3.09,3.65,2.98,0.0276,1.23
286.25,2.42,3.11,3.69,3.01,0.0284,1.05
286.38,2.41,3.14,3.73,3.03,0.0283,1.04
286.50,2.43,3.14,3.73,3.03,0.0286,1.03
286.62,2.31,3.03,3.61,2.92,0.0277,0.99
286.75,2.08,2.77,3.35,2.67,0.0253,0.99
286.88,2.11,2.86,3.55,2.75,0.0243,0.99
287.00,1.48,2.15,2.77,2.05,0.0184,1.03
287.12,0.97,1.45,1.91,1.38,0.0112,1.00
287.25,0.23,0.48,0.79,0.45,0.0031,0.98
287.38,0.79,1.22,1.68,1.16,0.0097,0.86
287.50,1.38,1.99,2.59,1.90,0.0162,0.92
287.62,1.57,2.22,2.89,2.13,0.0185,0.94
287.75,1.68,2.36,3.07,2.27,0.0208,1.04
287.88,1.81,2.51,3.22,2.42,0.0225,1.07
288.00,1.82,2.52,3.25,2.42,0.0232,0.95
288.12,1.81,2.51,3.23,2.41,0.0226,0.86
288.25,1.80,2.50,3.22,2.40,0.0225,0.83
288.38,1.79,2.50,3.21,2.40,0.0226,0.87
288.50,1.77,2.48,3.19,2.38,0.0223,0.92
288.62,1.75,2.48,3.24,2.38,0.0229,1.03
288.75,1.74,2.46,3.21,2.36,0.0227,1.05
288.88,1.72,2.44,3.18,2.34,0.0222,1.04
289.00,1.65,2.36,3.09,2.26,0.0219,1.04
289.12,1.61,2.33,3.05,2.23,0.0216,0.78
289.25,1.70,2.42,3.16,2.32,0.0225,1.00
289.38,1.77,2.50,3.22,2.39,0.0224,1.06
289.50,1.81,2.55,3.28,2.44,0.0231,1.10
289.62,1.78,2.50,3.22,2.40,0.0230,1.04
289.75,1.77,2.47,3.21,2.38,0.0228,0.97
289.88,1.75,2.47,3.22,2.37,0.0226,0.93
290.00,1.77,2.48,3.21,2.38,0.0230,0.79
290.12,1.80,2.51,3.24,2.41,0.0229,0.81
290.25,1.79,2.50,3.22,2.40,0.0226,0.92
290.38,10.34,10.94,11.31,10.84,0.0657,8.53
290.50,10.31,10.91,11.30,10.81,0.0657,0.54
290.62,10.31,10.90,11.26,10.80,0.0655,0.52
290.75,8.84,9.43,9.87,9.33,0.0646,1.69
290.88,4.90,5.59,6.18,5.49,0.0568,3.98
291.00,1.71,2.41,3.14,2.31,0.0224,3.39
291.12,1.82,2.53,3.27,2.43,0.0228,1.11
291.25,1.80,2.51,3.25,2.42,0.0227,1.16
291.38,1.80,2.51,3.22,2.41,0.0227,1.10
291.50,1.75,2.45,3.14,2.35,0.0223,1.01
291.62,1.75,2.47,3.20,2.37,0.0229,0.95
291.75,1.75,2.48,3.22,2.38,0.0228,0.82
291.88,1.78,2.50,3.27,2.40,0.0225,0.77
292.00,1.77,2.50,3.25,2.40,0.0227,0.88
292.12,1.77,2.48,3.24,2.38,0.0228,0.95
292.25,1.81,2.54,3.31,2.44,0.0233,1.06
292.38,1.81,2.51,3.26,2.42,0.0233,1.12
292.50,1.77,2.47,3.22,2.38,0.0227,1.12
292.62,1.68,2.35,3.00,2.25,0.0220,1.01
292.75,1.70,2.34,2.97,2.25,0.0214,0.83
292.88,1.78,2.45,3.08,2.36,0.0226,1.08
293.00,1.81,2.48,3.14,2.39,0.0228,1.10
293.12,1.80,2.46,3.11,2.37,0.0223,1.09
293.25,1.78,2.43,3.03,2.33,0.0218,1.00
293.38,1.76,2.41,3.03,2.32,0.0214,0.95
293.50,1.74,2.40,3.01,2.30,0.0216,0.86
293.62,1.75,2.41,3.01,2.31,0.0214,0.76
293.75,1.76,2.42,3.04,2.32,0.0216,0.81
293.88,3.30,8.39,12.07,7.57,0.0626,5.37
294.00,2.61,8.16,12.21,7.27,0.0624,0.72
294.12,3.29,8.40,12.13,7.58,0.0626,0.78
294.25,2.47,7.18,10.68,6.43,0.0607,1.37
294.38,2.66,4.99,6.75,4.62,0.0493,2.63
294.50,1.67,2.43,3.16,2.32,0.0221,2.48
294.62,2.33,3.02,3.66,2.92,0.0254,1.27
294.75,1.79,2.52,3.24,2.42,0.0224,1.32
294.88,2.37,3.04,3.68,2.94,0.0252,1.35
295.00,1.81,2.52,3.22,2.42,0.0224,1.28
295.12,2.31,2.97,3.60,2.87,0.0249,1.24
295.25,1.81,2.52,3.22,2.42,0.0230,1.12
295.38,2.36,3.01,3.64,2.92,0.0255,1.04
295.50,1.85,2.55,3.23,2.45,0.0229,1.00
295.62,2.31,2.99,3.62,2.89,0.0247,1.08
295.75,1.79,2.55,3.30,2.44,0.0230,1.20
295.88,2.30,3.06,3.80,2.95,0.0261,1.28
296.00,1.81,2.62,3.41,2.50,0.0232,1.34
296.12,2.23,2.99,3.73,2.88,0.0250,1.24
296.25,1.66,2.45,3.24,2.34,0.0224,1.14
296.38,2.26,2.97,3.60,2.87,0.0253,1.14
296.50,1.80,2.56,3.22,2.44,0.0231,1.24
296.62,2.36,3.05,3.66,2.95,0.0257,1.30
296.75,1.83,2.58,3.24,2.47,0.0229,1.30
296.88,2.31,3.02,3.65,2.91,0.0260,1.24
297.00,1.82,2.59,3.28,2.47,0.0235,1.11
297.12,2.23,3.00,3.69,2.88,0.0253,1.04
297.25,1.76,2.56,3.33,2.44,0.0224,0.90
297.38,2.20,2.96,3.67,2.85,0.0251,1.00
297.50,1.77,2.56,3.32,2.45,0.0235,1.05
297.62,2.16,2.92,3.61,2.80,0.0250,1.20
297.75,1.74,2.51,3.21,2.40,0.0227,1.20
297.88,2.10,2.80,3.41,2.70,0.0240,1.23
298.00,1.65,2.37,3.00,2.26,0.0216,1.12
298.12,2.00,2.70,3.31,2.59,0.0237,0.91
298.25,1.68,2.43,3.14,2.32,0.0219,1.08
298.38,2.09,2.81,3.46,2.70,0.0240,1.20
298.50,1.78,2.55,3.25,2.43,0.0222,1.19
298.62,2.08,2.81,3.49,2.71,0.0247,1.13
298.75,1.74,2.49,3.20,2.38,0.0227,1.04
298.88,2.06,2.80,3.47,2.69,0.0247,0.99
299.00,1.80,2.53,3.23,2.43,0.0229,0.85
299.12,2.06,2.78,3.47,2.68,0.0245,0.91
299.25,1.78,2.52,3.24,2.41,0.0228,0.95
299.38,2.03,2.73,3.41,2.63,0.0239,1.14
299.50,1.78,2.51,3.26,2.41,0.0224,1.09
299.62,1.93,2.64,3.38,2.54,0.0238,1.13
299.75,1.65,2.37,3.10,2.27,0.0216,1.04
299.88,1.71,2.42,3.14,2.32,0.0220,0.94
300.00,1.59,2.31,3.05,2.21,0.0211,0.93
300.12,1.85,2.57,3.30,2.47,0.0228,1.04
300.25,1.77,2.51,3.26,2.41,0.0227,1.09
300.38,1.85,2.59,3.32,2.48,0.0232,1.07
300.50,1.71,2.44,3.19,2.34,0.0219,1.01
300.62,1.82,2.57,3.33,2.47,0.0236,0.96
300.75,1.73,2.47,3.23,2.37,0.0228,0.81
300.88,1.77,2.51,3.27,2.41,0.0224,0.78
301.00,1.58,2.29,3.02,2.19,0.0197,0.85
301.12,1.40,2.09,2.79,1.99,0.0170,0.90
301.25,0.97,1.50,2.07,1.43,0.0117,0.92
301.38,0.52,0.87,1.28,0.83,0.0054,0.76
301.50,0.44,1.07,2.01,1.00,0.0109,0.81
301.62,0.30,0.54,0.87,0.51,0.0049,0.58
301.75,0.46,1.10,2.04,1.03,0.0115,0.58
301.88,0.31,0.55,0.88,0.52,0.0051,0.59
302.00,0.44,1.08,2.03,1.02,0.0113,0.58
302.12,0.28,0.52,0.83,0.49,0.0045,0.60
302.25,0.44,1.07,1.99,1.01,0.0108,0.60
302.38,0.34,0.58,0.85,0.55,0.0051,0.59
302.50,0.48,1.11,2.00,1.04,0.0110,0.58
302.62,0.34,0.59,0.85,0.55,0.0049,0.58
302.75,0.48,1.12,2.01,1.05,0.0108,0.58
302.88,0.34,0.58,0.84,0.54,0.0046,0.58
303.00,0.48,1.13,2.03,1.06,0.0107,0.58
303.12,0.34,0.59,0.86,0.56,0.0047,0.59
303.25,0.49,1.14,2.04,1.07,0.0110,0.59
303.38,0.33,0.58,0.86,0.55,0.0047,0.59
303.50,0.50,1.13,2.00,1.06,0.0106,0.59
303.62,0.59,0.70,0.83,0.69,0.0044,0.72
303.75,0.91,1.34,1.97,1.30,0.0106,0.67
303.88,0.77,0.82,0.85,0.81,0.0045,0.56
304.00,0.91,1.32,1.92,1.28,0.0101,0.53
304.12,0.75,0.80,0.81,0.79,0.0043,0.54
304.25,0.91,1.30,1.85,1.26,0.0099,0.53
304.38,0.75,0.80,0.82,0.79,0.0041,0.52
304.50,0.66,1.05,1.60,1.01,0.0091,0.71
304.62,0.23,0.28,0.30,0.27,0.0006,0.79
304.75,0.33,0.71,1.24,0.67,0.0060,0.55
304.88,0.18,0.23,0.24,0.22,0.0007,0.49
305.00,0.31,0.67,1.16,0.62,0.0057,0.45
305.12,0.18,0.20,0.21,0.20,0.0006,0.46
305.25,0.29,0.62,1.07,0.59,0.0051,0.42
305.38,0.15,0.18,0.18,0.18,0.0003,0.44
305.50,0.28,0.59,1.00,0.55,0.0046,0.41
305.62,0.15,0.18,0.18,0.17,0.0002,0.41
305.75,0.26,0.55,0.93,0.52,0.0040,0.38
305.88,0.14,0.17,0.18,0.17,0.0002,0.37
306.00,0.23,0.51,0.88,0.48,0.0037,0.34
306.12,0.11,0.14,0.15,0.14,0.0001,0.37
306.25,0.20,0.47,0.80,0.44,0.0032,0.32
306.38,0.10,0.13,0.14,0.13,0.0000,0.33
306.50,0.18,0.43,0.72,0.40,0.0025,0.29
306.62,0.10,0.12,0.11,0.11,0.0000,0.29
306.75,0.17,0.36,0.59,0.34,0.0013,0.25
306.88,0.09,0.11,0.10,0.10,0.0000,0.25
307.00,0.15,0.32,0.51,0.29,0.0006,0.21
307.12,0.08,0.09,0.09,0.09,0.0000,0.21
307.25,0.13,0.28,0.43,0.25,0.0001,0.18
307.38,0.06,0.08,0.08,0.07,0.0000,0.19
307.50,0.09,0.23,0.34,0.21,0.0000,0.14
307.62,0.04,0.05,0.06,0.05,0.0000,0.15
307.75,0.06,0.17,0.25,0.15,0.0000,0.11
307.88,0.03,0.04,0.03,0.03,0.0000,0.12
308.00,0.04,0.08,0.11,0.07,0.0000,0.05
308.12,0.01,0.01,0.01,0.01,0.0000,0.05
308.25,0.00,0.00,0.00,0.00,0.0000,0.01
